Species_ID	Evolution	Domain	Taxonomy_level2
797210	0.9260856891865041	Archaea	Archaea_Euryarchaeota
590409	2.9221774395409201	Bacteria	Bacteria_Proteobacteria
272633	3.4039093376212821	Bacteria	Bacteria_Terrabacteria group
391592	2.4351648960242334	Bacteria	Bacteria_Proteobacteria
529709	0.65691466686167554	Archaea	Archaea_Euryarchaeota
700598	3.138932239786827	Bacteria	Bacteria_FCB group
1028805	3.1596471802107335	Bacteria	Bacteria_Proteobacteria
273121	2.690462286181645	Bacteria	Bacteria_Proteobacteria
478749	2.888448259181951	Bacteria	Bacteria_Terrabacteria group
866774	2.5086545407317011	Bacteria	Bacteria_Terrabacteria group
224915	3.0799706476933606	Bacteria	Bacteria_Proteobacteria
679901	0.8616735519462351	Archaea	Archaea_Euryarchaeota
762903	2.911924745270841	Bacteria	Bacteria_FCB group
572546	0.69003994074540698	Archaea	Archaea_Euryarchaeota
435842	3.3479773993655391	Bacteria	Bacteria_Terrabacteria group
206672	2.9311174580963466	Bacteria	Bacteria_Terrabacteria group
585531	2.5243685431344884	Bacteria	Bacteria_Terrabacteria group
927666	3.3479773993655391	Bacteria	Bacteria_Terrabacteria group
324057	2.4735910280764637	Bacteria	Bacteria_Terrabacteria group
134676	2.4442463813717725	Bacteria	Bacteria_Terrabacteria group
722438	3.4039093376212821	Bacteria	Bacteria_Terrabacteria group
873448	3.3479773993655391	Bacteria	Bacteria_Terrabacteria group
4533	3.6929200777712823	Eukaryota	Eukaryota_Viridiplantae
598659	2.4742933743781723	Bacteria	Bacteria_Proteobacteria
685727	2.5622955662089253	Bacteria	Bacteria_Terrabacteria group
650150	3.1763523374551275	Bacteria	Bacteria_Terrabacteria group
323850	2.7953533820928067	Bacteria	Bacteria_Proteobacteria
565034	2.7094037798262596	Bacteria	Bacteria_Spirochaetes
694427	3.287277930526726	Bacteria	Bacteria_FCB group
243233	2.515169338264646	Bacteria	Bacteria_Proteobacteria
585202	3.3479773993655391	Bacteria	Bacteria_Terrabacteria group
525256	2.5086545407317011	Bacteria	Bacteria_Terrabacteria group
366602	2.8110674071627835	Bacteria	Bacteria_Proteobacteria
675813	2.8181136485558529	Bacteria	Bacteria_Proteobacteria
568817	2.9979017125187162	Bacteria	Bacteria_Proteobacteria
512564	3.4039093376212821	Bacteria	Bacteria_Terrabacteria group
500635	2.6120158090935712	Bacteria	Bacteria_Terrabacteria group
365659	3.3479773993655391	Bacteria	Bacteria_Terrabacteria group
290402	2.7030286210561196	Bacteria	Bacteria_Terrabacteria group
314345	2.3667497824383279	Bacteria	Bacteria_Proteobacteria
393595	2.57631668424972	Bacteria	Bacteria_Proteobacteria
396588	2.4348297447596017	Bacteria	Bacteria_Proteobacteria
66692	2.5501415167622943	Bacteria	Bacteria_Terrabacteria group
312309	2.808465297173971	Bacteria	Bacteria_Proteobacteria
445932	2.5893228460318922	Bacteria	Bacteria_Elusimicrobia
529507	2.9493047373599737	Bacteria	Bacteria_Proteobacteria
441620	2.819830467081013	Bacteria	Bacteria_Proteobacteria
634503	2.900946245986523	Bacteria	Bacteria_Proteobacteria
634497	0.95711849226987122	Archaea	Archaea_Euryarchaeota
1033810	2.895773043841168	Bacteria	Bacteria_unclassified Bacteria
547045	2.8806629147190193	Bacteria	Bacteria_Proteobacteria
1042156	2.7030286210561196	Bacteria	Bacteria_Terrabacteria group
349307	0.8597413843665951	Archaea	Archaea_Euryarchaeota
325240	2.7953533820928067	Bacteria	Bacteria_Proteobacteria
944559	2.4735910280764637	Bacteria	Bacteria_Terrabacteria group
626939	2.5695460917547419	Bacteria	Bacteria_Terrabacteria group
457405	2.6534935180005084	Bacteria	Bacteria_Fusobacteria
696125	2.6951276462500076	Bacteria	Bacteria_Proteobacteria
999630	0.9679862142585708	Archaea	Archaea_TACK group
714313	2.8375340602509489	Bacteria	Bacteria_Terrabacteria group
523846	0.6656074409213069	Archaea	Archaea_Euryarchaeota
317025	2.7060926277978785	Bacteria	Bacteria_Proteobacteria
906968	2.6579730376262161	Bacteria	Bacteria_Spirochaetes
187410	2.8347947160916505	Bacteria	Bacteria_Proteobacteria
311424	2.4174454757750294	Bacteria	Bacteria_Terrabacteria group
536019	2.6413731870899855	Bacteria	Bacteria_Proteobacteria
761193	3.1705558799920697	Bacteria	Bacteria_FCB group
983548	3.1302212137760299	Bacteria	Bacteria_FCB group
262724	2.2179739016894207	Bacteria	Bacteria_Terrabacteria group
572479	2.544751329297384	Bacteria	Bacteria_Terrabacteria group
155864	2.999310692972156	Bacteria	Bacteria_Proteobacteria
439292	2.629140368195412	Bacteria	Bacteria_Terrabacteria group
380749	2.4589818067435152	Bacteria	Bacteria_Aquificae
273119	3.4849892365318786	Bacteria	Bacteria_Terrabacteria group
281090	2.591184989986213	Bacteria	Bacteria_Terrabacteria group
273063	1.0384549235797431	Archaea	Archaea_TACK group
522373	2.7941314010033116	Bacteria	Bacteria_Proteobacteria
930942	2.8375340602509489	Bacteria	Bacteria_Terrabacteria group
1045856	2.9968818657888487	Bacteria	Bacteria_Proteobacteria
525264	2.6802626868942014	Bacteria	Bacteria_Terrabacteria group
366394	2.6708794499375674	Bacteria	Bacteria_Proteobacteria
1071381	3.781541420451325	Eukaryota	Eukaryota_Opisthokonta
491915	2.4864012257941166	Bacteria	Bacteria_Terrabacteria group
335992	2.9515752950470966	Bacteria	Bacteria_Proteobacteria
441768	3.251978495110246	Bacteria	Bacteria_Terrabacteria group
550540	2.7867678655641037	Bacteria	Bacteria_Proteobacteria
655812	2.7249858490097636	Bacteria	Bacteria_Terrabacteria group
557723	3.1596471802107335	Bacteria	Bacteria_Proteobacteria
563040	2.7636561150624557	Bacteria	Bacteria_Proteobacteria
563037	3.3479773993655391	Bacteria	Bacteria_Terrabacteria group
234621	2.5622955662089253	Bacteria	Bacteria_Terrabacteria group
634176	3.2035087539507767	Bacteria	Bacteria_Proteobacteria
322710	2.6191914605089437	Bacteria	Bacteria_Proteobacteria
412597	2.8402548719569181	Bacteria	Bacteria_Proteobacteria
5821	4.2586930130447884	Eukaryota	Eukaryota_Alveolata
797209	0.9101152371332348	Archaea	Archaea_Euryarchaeota
255470	2.4174454757750294	Bacteria	Bacteria_Terrabacteria group
555778	2.639077901048431	Bacteria	Bacteria_Proteobacteria
368407	0.77801958040241492	Archaea	Archaea_Euryarchaeota
525146	2.3442894542180039	Bacteria	Bacteria_Proteobacteria
556263	2.6534935180005084	Bacteria	Bacteria_Fusobacteria
595494	2.8726158131639363	Bacteria	Bacteria_Proteobacteria
1035189	3.3479773993655391	Bacteria	Bacteria_Terrabacteria group
487797	3.1216419780547366	Bacteria	Bacteria_FCB group
755732	3.015172946158267	Bacteria	Bacteria_FCB group
269799	2.2690992241956502	Bacteria	Bacteria_Proteobacteria
693979	3.2849170077887395	Bacteria	Bacteria_FCB group
414684	2.800263409944094	Bacteria	Bacteria_Proteobacteria
228399	3.1263315879167877	Bacteria	Bacteria_Proteobacteria
367737	2.7436322373242152	Bacteria	Bacteria_Proteobacteria
556269	2.8777716786072087	Bacteria	Bacteria_Proteobacteria
457424	3.2849170077887395	Bacteria	Bacteria_FCB group
436907	3.7400983873335125	Eukaryota	Eukaryota_Opisthokonta
313606	2.929343413193055	Bacteria	Bacteria_FCB group
198214	3.0016495475428577	Bacteria	Bacteria_Proteobacteria
107806	3.0799706476933606	Bacteria	Bacteria_Proteobacteria
743721	2.7964138975300359	Bacteria	Bacteria_Proteobacteria
762983	3.051672330508531	Bacteria	Bacteria_Proteobacteria
585528	2.9169728933728627	Bacteria	Bacteria_Terrabacteria group
436017	3.6463542514430785	Eukaryota	Eukaryota_Viridiplantae
221988	3.130905619234247	Bacteria	Bacteria_Proteobacteria
547559	0.9462235059577313	Archaea	Archaea_Euryarchaeota
70601	0.65691466686167554	Archaea	Archaea_Euryarchaeota
283942	2.746349492908078	Bacteria	Bacteria_Proteobacteria
338963	2.248972320409709	Bacteria	Bacteria_Proteobacteria
205914	3.1662241198223917	Bacteria	Bacteria_Proteobacteria
862751	2.5394725827671443	Bacteria	Bacteria_Terrabacteria group
765420	2.6296230754275443	Bacteria	Bacteria_Terrabacteria group
321327	2.5730271604900015	Bacteria	Bacteria_Terrabacteria group
452637	2.5717438296571142	Bacteria	Bacteria_PVC group
1048834	2.4844837635736989	Bacteria	Bacteria_Terrabacteria group
553177	3.2451355735793612	Bacteria	Bacteria_FCB group
399742	2.9968818657888487	Bacteria	Bacteria_Proteobacteria
5691	4.487935501784531	Eukaryota	Eukaryota_Euglenozoa
33178	3.738854968176291	Eukaryota	Eukaryota_Opisthokonta
358681	2.5226321202423767	Bacteria	Bacteria_Terrabacteria group
264199	3.3479773993655391	Bacteria	Bacteria_Terrabacteria group
535289	3.0142969315298171	Bacteria	Bacteria_Proteobacteria
591001	2.5479945377694264	Bacteria	Bacteria_Terrabacteria group
940190	2.6631829370905145	Bacteria	Bacteria_Terrabacteria group
696747	2.700048065416728	Bacteria	Bacteria_Terrabacteria group
357808	2.5930810644366784	Bacteria	Bacteria_Terrabacteria group
637911	3.1263315879167877	Bacteria	Bacteria_Proteobacteria
313596	3.3047179382125176	Bacteria	Bacteria_FCB group
338969	2.9755507572580746	Bacteria	Bacteria_Proteobacteria
62977	2.6712956144120477	Bacteria	Bacteria_Proteobacteria
743525	2.2179739016894207	Bacteria	Bacteria_Terrabacteria group
226185	2.6204812108460307	Bacteria	Bacteria_Terrabacteria group
521000	2.9237314215010883	Bacteria	Bacteria_Proteobacteria
316058	2.7597289064013157	Bacteria	Bacteria_Proteobacteria
187272	2.373923958158855	Bacteria	Bacteria_Proteobacteria
525245	2.7049477905571098	Bacteria	Bacteria_Terrabacteria group
312284	2.7141738622939786	Bacteria	Bacteria_Terrabacteria group
292459	2.5809373758595435	Bacteria	Bacteria_Terrabacteria group
716544	2.5992833196967515	Bacteria	Bacteria_PVC group
485918	3.028474973846825	Bacteria	Bacteria_FCB group
685035	2.8210334222445272	Bacteria	Bacteria_Proteobacteria
334413	2.6340640317291126	Bacteria	Bacteria_Terrabacteria group
246195	2.7223930397384235	Bacteria	Bacteria_Proteobacteria
907239	2.7419214784163066	Bacteria	Bacteria_Proteobacteria
717785	2.6775859088803071	Bacteria	Bacteria_Proteobacteria
592316	2.9546701955764072	Bacteria	Bacteria_Proteobacteria
211586	2.7953533820928067	Bacteria	Bacteria_Proteobacteria
945712	2.6802626868942014	Bacteria	Bacteria_Terrabacteria group
6945	4.01107892197043	Eukaryota	Eukaryota_Opisthokonta
479437	2.567796728355715	Bacteria	Bacteria_Terrabacteria group
574556	2.9557796680053756	Bacteria	Bacteria_Proteobacteria
222891	3.00666787177928	Bacteria	Bacteria_Proteobacteria
1000569	2.7373181976118994	Bacteria	Bacteria_Terrabacteria group
444158	0.75502381345492675	Archaea	Archaea_Euryarchaeota
365046	2.9190985495472135	Bacteria	Bacteria_Proteobacteria
85643	2.889866143209841	Bacteria	Bacteria_Proteobacteria
339724	3.722758005321536	Eukaryota	Eukaryota_Opisthokonta
121225	4.145169674420199	Eukaryota	Eukaryota_Opisthokonta
401053	2.3918082197281403	Bacteria	Bacteria_Acidobacteria
796620	2.8181136485558529	Bacteria	Bacteria_Proteobacteria
216596	2.7053547439745724	Bacteria	Bacteria_Proteobacteria
596320	2.8806629147190193	Bacteria	Bacteria_Proteobacteria
638303	2.086960069977946	Bacteria	Bacteria_Aquificae
537021	2.7999018944224692	Bacteria	Bacteria_Proteobacteria
314723	2.7196177926657774	Bacteria	Bacteria_Spirochaetes
446462	2.4600825759976956	Bacteria	Bacteria_Terrabacteria group
384616	0.9983751199615053	Archaea	Archaea_TACK group
1148	2.7518701899788764	Bacteria	Bacteria_Terrabacteria group
521045	2.2986664604241636	Bacteria	Bacteria_Thermotogae
391623	0.6382593064462464	Archaea	Archaea_Euryarchaeota
243265	3.0130738548436975	Bacteria	Bacteria_Proteobacteria
526226	2.592650298944434	Bacteria	Bacteria_Terrabacteria group
410359	0.9983751199615053	Archaea	Archaea_TACK group
386415	2.7030286210561196	Bacteria	Bacteria_Terrabacteria group
715226	2.8279037603411883	Bacteria	Bacteria_Proteobacteria
592015	2.1816178000604611	Bacteria	Bacteria_Synergistetes
644282	2.3780029204847892	Bacteria	Bacteria_Proteobacteria
349520	2.4735910280764637	Bacteria	Bacteria_Terrabacteria group
990316	0.85974138436659508	Archaea	Archaea_Euryarchaeota
167546	2.5710686885656466	Bacteria	Bacteria_Terrabacteria group
83406	2.6846092740133991	Bacteria	Bacteria_Proteobacteria
498217	2.900946245986523	Bacteria	Bacteria_Proteobacteria
262543	2.4876387214153053	Bacteria	Bacteria_Terrabacteria group
570417	2.9453278318992728	Bacteria	Bacteria_Proteobacteria
861208	2.7078846144543824	Bacteria	Bacteria_Proteobacteria
596327	3.3661757071270202	Bacteria	Bacteria_FCB group
216591	2.855317426460639	Bacteria	Bacteria_Proteobacteria
272561	2.6040903536745308	Bacteria	Bacteria_PVC group
314724	2.7196177926657774	Bacteria	Bacteria_Spirochaetes
243365	2.751443151417478	Bacteria	Bacteria_Proteobacteria
316067	2.2690992241956502	Bacteria	Bacteria_Proteobacteria
4932	3.7367442245487106	Eukaryota	Eukaryota_Opisthokonta
446465	2.6041766193447775	Bacteria	Bacteria_Terrabacteria group
709991	3.2116906088102266	Bacteria	Bacteria_FCB group
760142	2.3238945603321532	Bacteria	Bacteria_Proteobacteria
148305	3.7422286010917367	Eukaryota	Eukaryota_Opisthokonta
868864	1.905174791754948	Bacteria	Bacteria_Aquificae
862719	2.5497768489638144	Bacteria	Bacteria_Proteobacteria
575594	2.8375340602509489	Bacteria	Bacteria_Terrabacteria group
469616	2.6534935180005084	Bacteria	Bacteria_Fusobacteria
764299	3.3479773993655391	Bacteria	Bacteria_Terrabacteria group
526221	3.7954224069703537	Eukaryota	Eukaryota_Opisthokonta
63737	2.7797540944402228	Bacteria	Bacteria_Terrabacteria group
190192	0.7367566987927837	Archaea	Archaea_Euryarchaeota
768066	2.688077771564664	Bacteria	Bacteria_Proteobacteria
926562	2.9223079433117296	Bacteria	Bacteria_FCB group
944547	2.7436322373242152	Bacteria	Bacteria_Proteobacteria
243161	2.6040903536745308	Bacteria	Bacteria_PVC group
596154	3.058806897311339	Bacteria	Bacteria_Proteobacteria
562981	2.8817335373086781	Bacteria	Bacteria_Terrabacteria group
452471	2.8928025629677	Bacteria	Bacteria_FCB group
403833	2.6091787850305224	Bacteria	Bacteria_Thermotogae
546274	2.8385444358968326	Bacteria	Bacteria_Proteobacteria
525919	2.7223975219859877	Bacteria	Bacteria_Terrabacteria group
84588	2.5730271604900015	Bacteria	Bacteria_Terrabacteria group
343509	2.8746875928253144	Bacteria	Bacteria_Proteobacteria
485915	2.28355189582398	Bacteria	Bacteria_Proteobacteria
504728	2.3149318911373205	Bacteria	Bacteria_Terrabacteria group
489653	2.8806629147190193	Bacteria	Bacteria_Proteobacteria
290317	2.5672217985106283	Bacteria	Bacteria_FCB group
666681	2.9913691159595421	Bacteria	Bacteria_Proteobacteria
240292	2.7799644479123549	Bacteria	Bacteria_Terrabacteria group
633697	3.073451351893917	Bacteria	Bacteria_Terrabacteria group
316055	2.7597289064013157	Bacteria	Bacteria_Proteobacteria
502558	2.6450629928175866	Bacteria	Bacteria_Terrabacteria group
596315	2.6949273909490512	Bacteria	Bacteria_Terrabacteria group
309799	2.1893027210259226	Bacteria	Bacteria_Dictyoglomi
511995	3.4601575607241775	Bacteria	Bacteria_FCB group
411490	2.7854770372942732	Bacteria	Bacteria_Terrabacteria group
314256	2.9070841430997088	Bacteria	Bacteria_Proteobacteria
868131	0.84937573657154886	Archaea	Archaea_Euryarchaeota
501479	2.8837789744142603	Bacteria	Bacteria_Proteobacteria
517417	2.5628769833464666	Bacteria	Bacteria_FCB group
331635	2.6040903536745308	Bacteria	Bacteria_PVC group
272559	3.2849170077887395	Bacteria	Bacteria_FCB group
306537	2.6802626868942014	Bacteria	Bacteria_Terrabacteria group
311402	2.7078846144543824	Bacteria	Bacteria_Proteobacteria
679191	3.5762289822122586	Bacteria	Bacteria_FCB group
101510	2.5622955662089253	Bacteria	Bacteria_Terrabacteria group
353154	3.7568532614760555	Eukaryota	Eukaryota_Alveolata
457429	2.5394725827671443	Bacteria	Bacteria_Terrabacteria group
641147	2.855231337769003	Bacteria	Bacteria_Proteobacteria
5141	3.7931017438729775	Eukaryota	Eukaryota_Opisthokonta
857087	2.5873369724929369	Bacteria	Bacteria_Proteobacteria
754027	2.6579730376262161	Bacteria	Bacteria_Spirochaetes
858619	2.6802626868942014	Bacteria	Bacteria_Terrabacteria group
557598	2.736928092300871	Bacteria	Bacteria_Proteobacteria
903503	2.923169942217966	Bacteria	Bacteria_Proteobacteria
180281	2.543471509563719	Bacteria	Bacteria_Terrabacteria group
243159	2.4085382591843452	Bacteria	Bacteria_Proteobacteria
413404	2.6407733791079946	Bacteria	Bacteria_Proteobacteria
39946	3.6929200777712823	Eukaryota	Eukaryota_Viridiplantae
762984	3.2849170077887395	Bacteria	Bacteria_FCB group
245018	2.7854770372942732	Bacteria	Bacteria_Terrabacteria group
1064535	2.7373181976118994	Bacteria	Bacteria_Terrabacteria group
182082	2.6010895433571948	Bacteria	Bacteria_PVC group
553204	2.6802626868942014	Bacteria	Bacteria_Terrabacteria group
1116375	2.8181136485558529	Bacteria	Bacteria_Proteobacteria
314277	2.6413617093730424	Bacteria	Bacteria_Proteobacteria
656024	2.3993966893650178	Bacteria	Bacteria_Terrabacteria group
580327	2.5301144140960004	Bacteria	Bacteria_Terrabacteria group
887898	2.8480694021383153	Bacteria	Bacteria_Proteobacteria
1034807	3.0573581717415683	Bacteria	Bacteria_FCB group
575587	2.6712956144120477	Bacteria	Bacteria_Proteobacteria
171101	3.3479773993655391	Bacteria	Bacteria_Terrabacteria group
525263	2.6802626868942014	Bacteria	Bacteria_Terrabacteria group
434131	3.0066678717792801	Bacteria	Bacteria_Proteobacteria
656519	2.5447513292973838	Bacteria	Bacteria_Terrabacteria group
412133	4.09777820651465	Eukaryota	Eukaryota_Parabasalia
655815	3.0854817542570876	Bacteria	Bacteria_FCB group
318161	2.7953533820928067	Bacteria	Bacteria_Proteobacteria
645127	2.6802626868942014	Bacteria	Bacteria_Terrabacteria group
445970	3.078998526006052	Bacteria	Bacteria_FCB group
573065	2.8279037603411883	Bacteria	Bacteria_Proteobacteria
6238	3.7328617280871486	Eukaryota	Eukaryota_Opisthokonta
376686	3.0573581717415683	Bacteria	Bacteria_FCB group
4956	3.7264171165332165	Eukaryota	Eukaryota_Opisthokonta
591157	2.5394725827671443	Bacteria	Bacteria_Terrabacteria group
167555	2.5710686885656466	Bacteria	Bacteria_Terrabacteria group
404589	2.2989334466708549	Bacteria	Bacteria_Proteobacteria
218497	2.6070911639918672	Bacteria	Bacteria_PVC group
515635	2.186138181762728	Bacteria	Bacteria_Dictyoglomi
388413	2.911353577905158	Bacteria	Bacteria_FCB group
545695	2.6579730376262161	Bacteria	Bacteria_Spirochaetes
469595	2.9780725922187625	Bacteria	Bacteria_Proteobacteria
667014	1.9917047266937113	Bacteria	Bacteria_Thermodesulfobacteria
547042	3.2849170077887395	Bacteria	Bacteria_FCB group
767031	3.5762289822122586	Bacteria	Bacteria_FCB group
443255	2.5394725827671443	Bacteria	Bacteria_Terrabacteria group
9646	3.9959383790040848	Eukaryota	Eukaryota_Opisthokonta
888832	3.5762289822122586	Bacteria	Bacteria_FCB group
699218	2.7373181976118994	Bacteria	Bacteria_Terrabacteria group
1046629	3.3479773993655391	Bacteria	Bacteria_Terrabacteria group
502347	2.999310692972156	Bacteria	Bacteria_Proteobacteria
983545	2.8030086685048503	Bacteria	Bacteria_Proteobacteria
1008459	2.8858318586468643	Bacteria	Bacteria_Proteobacteria
608538	2.1389800806560046	Bacteria	Bacteria_Aquificae
644076	2.8402548719569181	Bacteria	Bacteria_Proteobacteria
762051	2.8669323068840487	Bacteria	Bacteria_Terrabacteria group
904306	3.3479773993655391	Bacteria	Bacteria_Terrabacteria group
888052	2.7049477905571098	Bacteria	Bacteria_Terrabacteria group
391009	2.3031087572275766	Bacteria	Bacteria_Thermotogae
262723	3.4039093376212821	Bacteria	Bacteria_Terrabacteria group
290633	2.7259547146841903	Bacteria	Bacteria_Proteobacteria
546267	2.8806629147190193	Bacteria	Bacteria_Proteobacteria
930945	1.0384549235797431	Archaea	Archaea_TACK group
1006006	1.1318444534772816	Archaea	Archaea_TACK group
1002339	2.7511592387414043	Bacteria	Bacteria_Proteobacteria
1005057	3.0799706476933606	Bacteria	Bacteria_Proteobacteria
426114	2.9044524755900847	Bacteria	Bacteria_Proteobacteria
290397	2.298933446670855	Bacteria	Bacteria_Proteobacteria
186497	0.6569146668616755	Archaea	Archaea_Euryarchaeota
637905	2.7953533820928067	Bacteria	Bacteria_Proteobacteria
225849	2.7953533820928067	Bacteria	Bacteria_Proteobacteria
675814	2.8181136485558529	Bacteria	Bacteria_Proteobacteria
563008	3.5762289822122586	Bacteria	Bacteria_FCB group
294747	3.7459991847424918	Eukaryota	Eukaryota_Opisthokonta
5661	4.4323632001289255	Eukaryota	Eukaryota_Euglenozoa
314232	2.908481458729161	Bacteria	Bacteria_Proteobacteria
439493	2.9515752950470966	Bacteria	Bacteria_Proteobacteria
481805	2.999310692972156	Bacteria	Bacteria_Proteobacteria
347834	2.7053547439745724	Bacteria	Bacteria_Proteobacteria
449673	3.2849170077887395	Bacteria	Bacteria_FCB group
398579	2.7953533820928067	Bacteria	Bacteria_Proteobacteria
509190	2.8110674071627835	Bacteria	Bacteria_Proteobacteria
634504	2.6951276462500076	Bacteria	Bacteria_Proteobacteria
649743	2.7049477905571098	Bacteria	Bacteria_Terrabacteria group
649639	2.5501415167622943	Bacteria	Bacteria_Terrabacteria group
696369	2.4039009915686789	Bacteria	Bacteria_Terrabacteria group
314608	2.7953533820928067	Bacteria	Bacteria_Proteobacteria
426355	2.819830467081013	Bacteria	Bacteria_Proteobacteria
10090	3.995136294586729	Eukaryota	Eukaryota_Opisthokonta
864570	3.3479773993655391	Bacteria	Bacteria_Terrabacteria group
360107	2.6658738768423444	Bacteria	Bacteria_Proteobacteria
621372	2.4735910280764637	Bacteria	Bacteria_Terrabacteria group
553217	2.722264493277964	Bacteria	Bacteria_Proteobacteria
94122	2.7953533820928067	Bacteria	Bacteria_Proteobacteria
1042163	2.5226321202423767	Bacteria	Bacteria_Terrabacteria group
313612	2.6785374982938945	Bacteria	Bacteria_Terrabacteria group
240016	2.648334118523901	Bacteria	Bacteria_PVC group
887327	2.8600662421951752	Bacteria	Bacteria_Proteobacteria
45157	3.6378112606377213	Eukaryota	Eukaryota_Rhodophyta
903510	2.8181136485558529	Bacteria	Bacteria_Proteobacteria
768679	0.98159438299146262	Archaea	Archaea_TACK group
600809	3.0874308988019541	Bacteria	Bacteria_FCB group
360910	2.9301299839917387	Bacteria	Bacteria_Proteobacteria
435832	2.8806629147190193	Bacteria	Bacteria_Proteobacteria
115713	2.6010895433571948	Bacteria	Bacteria_PVC group
619693	3.5762289822122586	Bacteria	Bacteria_FCB group
298386	2.7674406823096707	Bacteria	Bacteria_Proteobacteria
415426	0.9029689607667082	Archaea	Archaea_TACK group
203122	2.6315800616392346	Bacteria	Bacteria_Proteobacteria
765910	2.433421292024987	Bacteria	Bacteria_Proteobacteria
634500	2.9614613596131605	Bacteria	Bacteria_Proteobacteria
743965	3.4039093376212821	Bacteria	Bacteria_Terrabacteria group
411463	3.073451351893917	Bacteria	Bacteria_Terrabacteria group
563192	2.376930132221563	Bacteria	Bacteria_Proteobacteria
5762	4.96568080101386	Eukaryota	Eukaryota_Heterolobosea
742767	3.2642277983356731	Bacteria	Bacteria_FCB group
483215	3.2849170077887395	Bacteria	Bacteria_FCB group
435258	4.4323632001289255	Eukaryota	Eukaryota_Euglenozoa
717960	3.3486001295947094	Bacteria	Bacteria_Terrabacteria group
518637	3.361366366499157	Bacteria	Bacteria_Terrabacteria group
5786	3.8318296080545395	Eukaryota	Eukaryota_Amoebozoa
908612	3.078998526006052	Bacteria	Bacteria_FCB group
411469	3.073451351893917	Bacteria	Bacteria_Terrabacteria group
661367	2.6388044668536845	Bacteria	Bacteria_Proteobacteria
390874	2.2725124843348889	Bacteria	Bacteria_Thermotogae
243230	2.2179739016894207	Bacteria	Bacteria_Terrabacteria group
411154	3.1135566132072747	Bacteria	Bacteria_FCB group
548477	2.6802626868942014	Bacteria	Bacteria_Terrabacteria group
525255	2.7223975219859877	Bacteria	Bacteria_Terrabacteria group
997830	3.3479773993655391	Bacteria	Bacteria_Terrabacteria group
196162	2.4984927652560556	Bacteria	Bacteria_Terrabacteria group
553219	2.6658738768423444	Bacteria	Bacteria_Proteobacteria
522772	2.5253648662825148	Bacteria	Bacteria_Deferribacteres
330779	1.0384549235797431	Archaea	Archaea_TACK group
936155	2.7419214784163066	Bacteria	Bacteria_Proteobacteria
425104	2.7953533820928067	Bacteria	Bacteria_Proteobacteria
944562	2.8375340602509489	Bacteria	Bacteria_Terrabacteria group
266117	2.3281237342585666	Bacteria	Bacteria_Terrabacteria group
420890	2.813472962799232	Bacteria	Bacteria_Terrabacteria group
290338	2.9780725922187625	Bacteria	Bacteria_Proteobacteria
496833	3.4039093376212821	Bacteria	Bacteria_Terrabacteria group
458233	2.547349349381144	Bacteria	Bacteria_Terrabacteria group
103690	2.7797540944402228	Bacteria	Bacteria_Terrabacteria group
742159	2.934204233920314	Bacteria	Bacteria_Proteobacteria
272630	2.819830467081013	Bacteria	Bacteria_Proteobacteria
744872	2.6579730376262161	Bacteria	Bacteria_Spirochaetes
391591	2.8181136485558529	Bacteria	Bacteria_Proteobacteria
1042877	0.6382593064462464	Archaea	Archaea_Euryarchaeota
759914	2.7094037798262596	Bacteria	Bacteria_Spirochaetes
448385	2.40265218703228	Bacteria	Bacteria_Proteobacteria
706434	2.7373181976118994	Bacteria	Bacteria_Terrabacteria group
1041826	3.0573581717415683	Bacteria	Bacteria_FCB group
985002	2.6181065122882474	Bacteria	Bacteria_Terrabacteria group
207559	2.3442894542180039	Bacteria	Bacteria_Proteobacteria
997353	3.5762289822122586	Bacteria	Bacteria_FCB group
218493	2.9788970169834115	Bacteria	Bacteria_Proteobacteria
882102	2.8277619999377346	Bacteria	Bacteria_Proteobacteria
62928	2.9284971343919959	Bacteria	Bacteria_Proteobacteria
4952	4.019149107542182	Eukaryota	Eukaryota_Opisthokonta
709986	2.2179739016894207	Bacteria	Bacteria_Terrabacteria group
412030	3.91234627901208	Eukaryota	Eukaryota_Alveolata
401473	2.9311174580963466	Bacteria	Bacteria_Terrabacteria group
573061	2.7030286210561196	Bacteria	Bacteria_Terrabacteria group
712938	2.8375340602509489	Bacteria	Bacteria_Terrabacteria group
575589	2.6712956144120477	Bacteria	Bacteria_Proteobacteria
264462	2.4170849032082327	Bacteria	Bacteria_Proteobacteria
655811	2.7223975219859877	Bacteria	Bacteria_Terrabacteria group
395492	2.7053547439745724	Bacteria	Bacteria_Proteobacteria
491916	2.7053547439745724	Bacteria	Bacteria_Proteobacteria
871237	3.3479773993655391	Bacteria	Bacteria_Terrabacteria group
243275	2.657973037626216	Bacteria	Bacteria_Spirochaetes
406327	0.75502381345492675	Archaea	Archaea_Euryarchaeota
326426	2.9311174580963466	Bacteria	Bacteria_Terrabacteria group
382640	2.6951276462500076	Bacteria	Bacteria_Proteobacteria
203907	3.035228815912951	Bacteria	Bacteria_Proteobacteria
199310	2.999310692972156	Bacteria	Bacteria_Proteobacteria
591159	2.5394725827671443	Bacteria	Bacteria_Terrabacteria group
1045855	2.796413897530036	Bacteria	Bacteria_Proteobacteria
502779	3.7214815970059569	Eukaryota	Eukaryota_Opisthokonta
316274	2.638044312424724	Bacteria	Bacteria_Terrabacteria group
613026	2.7419214784163066	Bacteria	Bacteria_Proteobacteria
717231	2.4789861090216436	Bacteria	Bacteria_Deferribacteres
471854	3.1267580521366964	Bacteria	Bacteria_FCB group
402626	2.8537968939482385	Bacteria	Bacteria_Proteobacteria
888056	2.7049477905571098	Bacteria	Bacteria_Terrabacteria group
266835	2.6413731870899855	Bacteria	Bacteria_Proteobacteria
857571	2.678243510609426	Bacteria	Bacteria_Proteobacteria
1046627	3.099672268985147	Bacteria	Bacteria_FCB group
380394	2.4085382591843452	Bacteria	Bacteria_Proteobacteria
546269	2.7988636988594084	Bacteria	Bacteria_Terrabacteria group
1110509	0.85974138436659508	Archaea	Archaea_Euryarchaeota
525904	2.2546168965177475	Bacteria	Bacteria_Terrabacteria group
309801	2.4818715135062694	Bacteria	Bacteria_Terrabacteria group
267377	0.7550238134549268	Archaea	Archaea_Euryarchaeota
290399	2.5626139628235403	Bacteria	Bacteria_Terrabacteria group
253839	2.5394725827671443	Bacteria	Bacteria_Terrabacteria group
5180	3.68051397610922	Eukaryota	Eukaryota_Opisthokonta
242619	3.36617570712702	Bacteria	Bacteria_FCB group
891391	2.8375340602509489	Bacteria	Bacteria_Terrabacteria group
313624	2.782256533102167	Bacteria	Bacteria_Terrabacteria group
267747	2.656800866983829	Bacteria	Bacteria_Terrabacteria group
657323	2.4941477898991264	Bacteria	Bacteria_Terrabacteria group
525246	2.7049477905571098	Bacteria	Bacteria_Terrabacteria group
226186	3.2849170077887395	Bacteria	Bacteria_FCB group
521003	2.7695075970211147	Bacteria	Bacteria_Terrabacteria group
498761	2.506045409571481	Bacteria	Bacteria_Terrabacteria group
391612	2.5859386599334342	Bacteria	Bacteria_Terrabacteria group
1040964	2.8375340602509489	Bacteria	Bacteria_Terrabacteria group
398513	2.9311174580963466	Bacteria	Bacteria_Terrabacteria group
313595	3.1208452622055041	Bacteria	Bacteria_FCB group
65393	2.5859386599334342	Bacteria	Bacteria_Terrabacteria group
314225	2.771317419037638	Bacteria	Bacteria_Proteobacteria
484018	3.2849170077887395	Bacteria	Bacteria_FCB group
318829	3.7422286010917367	Eukaryota	Eukaryota_Opisthokonta
553190	2.9169728933728627	Bacteria	Bacteria_Terrabacteria group
572265	2.9419359046228015	Bacteria	Bacteria_Proteobacteria
887929	2.524537243419473	Bacteria	Bacteria_Terrabacteria group
640081	2.8315423445095367	Bacteria	Bacteria_Proteobacteria
4113	3.706507109100149	Eukaryota	Eukaryota_Viridiplantae
718254	2.9968818657888487	Bacteria	Bacteria_Proteobacteria
399741	2.9979017125187162	Bacteria	Bacteria_Proteobacteria
1007105	2.9087802249843575	Bacteria	Bacteria_Proteobacteria
481448	2.6775388680151027	Bacteria	Bacteria_PVC group
658187	2.6388044668536845	Bacteria	Bacteria_Proteobacteria
553174	3.5762289822122586	Bacteria	Bacteria_FCB group
198804	3.0799706476933606	Bacteria	Bacteria_Proteobacteria
289376	2.241838094203895	Bacteria	Bacteria_Nitrospirae
649754	2.6802626868942014	Bacteria	Bacteria_Terrabacteria group
7955	4.326067244179473	Eukaryota	Eukaryota_Opisthokonta
398580	2.7704365337136942	Bacteria	Bacteria_Proteobacteria
864567	3.3479773993655391	Bacteria	Bacteria_Terrabacteria group
323259	0.9319328479574234	Archaea	Archaea_Euryarchaeota
748727	2.7030286210561196	Bacteria	Bacteria_Terrabacteria group
322098	3.3046661844033953	Bacteria	Bacteria_Terrabacteria group
743722	3.040754031062942	Bacteria	Bacteria_FCB group
292415	2.7660276550669796	Bacteria	Bacteria_Proteobacteria
641149	2.8806629147190193	Bacteria	Bacteria_Proteobacteria
457427	2.5394725827671443	Bacteria	Bacteria_Terrabacteria group
406818	2.986748754525208	Bacteria	Bacteria_Proteobacteria
755731	2.7030286210561196	Bacteria	Bacteria_Terrabacteria group
1031711	2.8496110035265185	Bacteria	Bacteria_Proteobacteria
5855	4.2586930130447884	Eukaryota	Eukaryota_Alveolata
460265	2.819830467081013	Bacteria	Bacteria_Proteobacteria
373903	2.46293961931084	Bacteria	Bacteria_Terrabacteria group
326442	2.7760799623201993	Bacteria	Bacteria_Proteobacteria
412419	2.7196177926657774	Bacteria	Bacteria_Spirochaetes
596329	2.694927390949051	Bacteria	Bacteria_Terrabacteria group
471223	2.5251928491862845	Bacteria	Bacteria_Terrabacteria group
644281	0.56414341224288045	Archaea	Archaea_Euryarchaeota
715225	2.4735910280764637	Bacteria	Bacteria_Terrabacteria group
420336	2.8158238932858266	Bacteria	Bacteria_Terrabacteria group
224324	2.0621646072472415	Bacteria	Bacteria_Aquificae
931890	3.754429725578031	Eukaryota	Eukaryota_Opisthokonta
526225	2.478171528658618	Bacteria	Bacteria_Terrabacteria group
384765	2.6792454066847902	Bacteria	Bacteria_Proteobacteria
525379	3.3479773993655391	Bacteria	Bacteria_Terrabacteria group
162425	3.738854968176291	Eukaryota	Eukaryota_Opisthokonta
2110	3.403909337621282	Bacteria	Bacteria_Terrabacteria group
469618	2.6534935180005084	Bacteria	Bacteria_Fusobacteria
638300	2.676043996142413	Bacteria	Bacteria_Proteobacteria
335541	2.453913766750265	Bacteria	Bacteria_Terrabacteria group
525373	3.0407540310629422	Bacteria	Bacteria_FCB group
596323	2.676644849161178	Bacteria	Bacteria_Fusobacteria
167542	2.5710686885656466	Bacteria	Bacteria_Terrabacteria group
518766	2.5564104920143027	Bacteria	Bacteria_FCB group
420246	2.5251928491862845	Bacteria	Bacteria_Terrabacteria group
326298	2.7636561150624557	Bacteria	Bacteria_Proteobacteria
565655	2.6204812108460307	Bacteria	Bacteria_Terrabacteria group
397948	0.9814261568209502	Archaea	Archaea_TACK group
377629	2.6786047754374893	Bacteria	Bacteria_Proteobacteria
367336	2.8356950451238401	Bacteria	Bacteria_Proteobacteria
153948	2.9175145864964187	Bacteria	Bacteria_Proteobacteria
858215	2.5301144140960004	Bacteria	Bacteria_Terrabacteria group
1006551	2.8983940444187346	Bacteria	Bacteria_Proteobacteria
479434	2.3828154317004455	Bacteria	Bacteria_Terrabacteria group
323261	2.3811044235701404	Bacteria	Bacteria_Proteobacteria
546270	2.8817335373086781	Bacteria	Bacteria_Terrabacteria group
590998	2.5701432033533895	Bacteria	Bacteria_Terrabacteria group
7739	3.9795282151252693	Eukaryota	Eukaryota_Opisthokonta
10228	3.737494498114544	Eukaryota	Eukaryota_Opisthokonta
419665	0.75502381345492675	Archaea	Archaea_Euryarchaeota
517722	2.8210334222445272	Bacteria	Bacteria_Proteobacteria
381046	3.7433496621930513	Eukaryota	Eukaryota_Opisthokonta
44689	3.8318296080545395	Eukaryota	Eukaryota_Amoebozoa
387093	2.7042505587713896	Bacteria	Bacteria_Proteobacteria
985053	0.90369283094364139	Archaea	Archaea_TACK group
1003195	2.5394725827671443	Bacteria	Bacteria_Terrabacteria group
888048	3.3479773993655391	Bacteria	Bacteria_Terrabacteria group
479433	2.5053484543072306	Bacteria	Bacteria_Terrabacteria group
986075	2.426788679845416	Bacteria	Bacteria_Terrabacteria group
485916	2.4039009915686789	Bacteria	Bacteria_Terrabacteria group
397945	3.014296931529817	Bacteria	Bacteria_Proteobacteria
562982	2.8817335373086781	Bacteria	Bacteria_Terrabacteria group
227882	2.5394725827671443	Bacteria	Bacteria_Terrabacteria group
663331	3.7267735124475134	Eukaryota	Eukaryota_Opisthokonta
572480	2.7436322373242152	Bacteria	Bacteria_Proteobacteria
444612	2.7812284611385385	Bacteria	Bacteria_Proteobacteria
210007	3.3479773993655391	Bacteria	Bacteria_Terrabacteria group
580340	2.1683649883877387	Bacteria	Bacteria_Synergistetes
293826	2.5465064577329031	Bacteria	Bacteria_Terrabacteria group
710696	2.530552180579851	Bacteria	Bacteria_Terrabacteria group
451757	2.7030286210561196	Bacteria	Bacteria_Terrabacteria group
693661	0.69003994074540698	Archaea	Archaea_Euryarchaeota
640510	2.8553174264606391	Bacteria	Bacteria_Proteobacteria
349163	2.6093145234495894	Bacteria	Bacteria_Proteobacteria
469615	2.6534935180005084	Bacteria	Bacteria_Fusobacteria
1071378	3.7284005121080566	Eukaryota	Eukaryota_Opisthokonta
526222	2.3442894542180039	Bacteria	Bacteria_Proteobacteria
873517	3.2451355735793612	Bacteria	Bacteria_FCB group
272568	2.638369070551242	Bacteria	Bacteria_Proteobacteria
367928	2.9311174580963466	Bacteria	Bacteria_Terrabacteria group
3702	3.655455670564291	Eukaryota	Eukaryota_Viridiplantae
525309	2.8375340602509489	Bacteria	Bacteria_Terrabacteria group
85963	2.7419214784163066	Bacteria	Bacteria_Proteobacteria
446466	2.5701432033533895	Bacteria	Bacteria_Terrabacteria group
523791	2.569709038952595	Bacteria	Bacteria_Proteobacteria
272562	2.5764581529962594	Bacteria	Bacteria_Terrabacteria group
561229	2.9221774395409201	Bacteria	Bacteria_Proteobacteria
702113	2.8049562118372324	Bacteria	Bacteria_Proteobacteria
649761	3.5762289822122586	Bacteria	Bacteria_FCB group
319224	2.7953533820928067	Bacteria	Bacteria_Proteobacteria
463191	2.5394725827671443	Bacteria	Bacteria_Terrabacteria group
362948	2.8375340602509489	Bacteria	Bacteria_Terrabacteria group
596324	2.6579730376262161	Bacteria	Bacteria_Spirochaetes
228405	2.8230552249309886	Bacteria	Bacteria_Proteobacteria
93060	2.5710686885656466	Bacteria	Bacteria_Terrabacteria group
7070	4.028604782201671	Eukaryota	Eukaryota_Opisthokonta
633149	2.8286077994131853	Bacteria	Bacteria_Proteobacteria
553207	2.6802626868942014	Bacteria	Bacteria_Terrabacteria group
1142511	3.0513185022804352	Bacteria	Bacteria_Proteobacteria
693977	2.2179739016894207	Bacteria	Bacteria_Terrabacteria group
59374	2.635931563624343	Bacteria	Bacteria_FCB group
435591	3.3312315669890578	Bacteria	Bacteria_FCB group
269797	0.97577381801354	Archaea	Archaea_Euryarchaeota
398767	2.2690992241956502	Bacteria	Bacteria_Proteobacteria
378806	2.3888677856783547	Bacteria	Bacteria_Proteobacteria
240176	3.705031555515381	Eukaryota	Eukaryota_Opisthokonta
261317	3.0799706476933606	Bacteria	Bacteria_Proteobacteria
762963	2.7011545001576325	Bacteria	Bacteria_Terrabacteria group
342610	2.7760799623201993	Bacteria	Bacteria_Proteobacteria
498848	2.2179739016894207	Bacteria	Bacteria_Terrabacteria group
556267	2.7419214784163066	Bacteria	Bacteria_Proteobacteria
156889	2.4726675526522417	Bacteria	Bacteria_Proteobacteria
679192	3.2920649104380306	Bacteria	Bacteria_Terrabacteria group
5825	4.2586930130447884	Eukaryota	Eukaryota_Alveolata
342949	0.65691466686167554	Archaea	Archaea_Euryarchaeota
331636	2.6040903536745308	Bacteria	Bacteria_PVC group
888743	3.5762289822122586	Bacteria	Bacteria_FCB group
665571	2.5885869924123655	Bacteria	Bacteria_Spirochaetes
74547	2.5710686885656466	Bacteria	Bacteria_Terrabacteria group
869210	2.1321094161780056	Bacteria	Bacteria_Terrabacteria group
396595	2.4348297447596017	Bacteria	Bacteria_Proteobacteria
290512	2.550290217396664	Bacteria	Bacteria_FCB group
469383	2.3450519363812243	Bacteria	Bacteria_Terrabacteria group
537970	2.7419214784163066	Bacteria	Bacteria_Proteobacteria
300852	2.2179739016894207	Bacteria	Bacteria_Terrabacteria group
41431	2.5859386599334342	Bacteria	Bacteria_Terrabacteria group
521097	3.2451355735793612	Bacteria	Bacteria_FCB group
79929	0.76720888532583997	Archaea	Archaea_Euryarchaeota
316056	2.7597289064013157	Bacteria	Bacteria_Proteobacteria
710393	2.7419214784163066	Bacteria	Bacteria_Proteobacteria
313598	3.147468056543008	Bacteria	Bacteria_FCB group
511062	2.799922816849135	Bacteria	Bacteria_Proteobacteria
297246	2.6388044668536845	Bacteria	Bacteria_Proteobacteria
426117	2.819830467081013	Bacteria	Bacteria_Proteobacteria
880072	2.3275414678579165	Bacteria	Bacteria_Proteobacteria
316273	2.7500264073889658	Bacteria	Bacteria_Proteobacteria
644548	2.5881254432186562	Bacteria	Bacteria_Terrabacteria group
930946	2.9197496151868614	Bacteria	Bacteria_Terrabacteria group
283643	3.7149985019457556	Eukaryota	Eukaryota_Opisthokonta
679937	3.2849170077887395	Bacteria	Bacteria_FCB group
471853	2.5522665127709927	Bacteria	Bacteria_Terrabacteria group
1104324	0.9983751199615053	Archaea	Archaea_TACK group
339860	0.9529220740601401	Archaea	Archaea_Euryarchaeota
525909	2.4000848538522193	Bacteria	Bacteria_Terrabacteria group
748671	2.8375340602509489	Bacteria	Bacteria_Terrabacteria group
3055	3.6900716618048035	Eukaryota	Eukaryota_Viridiplantae
717606	2.4735910280764637	Bacteria	Bacteria_Terrabacteria group
525903	2.367972118889387	Bacteria	Bacteria_Synergistetes
525897	2.2694753634072122	Bacteria	Bacteria_Proteobacteria
579405	2.92217743954092	Bacteria	Bacteria_Proteobacteria
940615	2.391446622873274	Bacteria	Bacteria_Acidobacteria
575614	3.5762289822122586	Bacteria	Bacteria_FCB group
316279	2.5730271604900015	Bacteria	Bacteria_Terrabacteria group
469596	3.1154673963204762	Bacteria	Bacteria_Terrabacteria group
572477	2.505670148056822	Bacteria	Bacteria_Proteobacteria
290434	2.7196177926657774	Bacteria	Bacteria_Spirochaetes
1045858	2.7094037798262596	Bacteria	Bacteria_Spirochaetes
169963	2.5474734842741191	Bacteria	Bacteria_Terrabacteria group
342108	2.5386703637042305	Bacteria	Bacteria_Proteobacteria
384676	2.7945814274150251	Bacteria	Bacteria_Proteobacteria
395495	2.937552895926753	Bacteria	Bacteria_Proteobacteria
765952	2.617614770082797	Bacteria	Bacteria_PVC group
525367	2.5474734842741191	Bacteria	Bacteria_Terrabacteria group
420662	2.9606940623365237	Bacteria	Bacteria_Proteobacteria
445973	2.6926465944247417	Bacteria	Bacteria_Terrabacteria group
320483	2.9557796680053756	Bacteria	Bacteria_Proteobacteria
408672	2.4984927652560556	Bacteria	Bacteria_Terrabacteria group
627192	2.8049562118372324	Bacteria	Bacteria_Proteobacteria
469606	2.6534935180005084	Bacteria	Bacteria_Fusobacteria
525260	2.6802626868942014	Bacteria	Bacteria_Terrabacteria group
379066	2.5126811812330194	Bacteria	Bacteria_FCB group
575584	2.6712956144120477	Bacteria	Bacteria_Proteobacteria
561230	2.8799048903509874	Bacteria	Bacteria_Proteobacteria
243272	3.4039093376212821	Bacteria	Bacteria_Terrabacteria group
296591	3.0273620343547565	Bacteria	Bacteria_Proteobacteria
760568	2.4039009915686789	Bacteria	Bacteria_Terrabacteria group
644295	0.8724686508575867	Archaea	Archaea_Euryarchaeota
351607	2.388699981563136	Bacteria	Bacteria_Terrabacteria group
882	2.3442894542180039	Bacteria	Bacteria_Proteobacteria
306263	2.6658738768423444	Bacteria	Bacteria_Proteobacteria
444177	2.53532304172609	Bacteria	Bacteria_Terrabacteria group
32049	2.5730271604900015	Bacteria	Bacteria_Terrabacteria group
741091	2.800168303746541	Bacteria	Bacteria_Proteobacteria
76114	2.903049221028228	Bacteria	Bacteria_Proteobacteria
682634	2.9979017125187162	Bacteria	Bacteria_Proteobacteria
768670	2.450834980389079	Bacteria	Bacteria_Deferribacteres
240015	2.388465441466369	Bacteria	Bacteria_Acidobacteria
267608	2.8496110035265185	Bacteria	Bacteria_Proteobacteria
667128	3.1459997412949874	Bacteria	Bacteria_Proteobacteria
887324	3.1263315879167877	Bacteria	Bacteria_Proteobacteria
886882	2.4735910280764637	Bacteria	Bacteria_Terrabacteria group
862965	3.1596471802107335	Bacteria	Bacteria_Proteobacteria
626522	3.576393845467767	Bacteria	Bacteria_FCB group
360104	2.6658738768423444	Bacteria	Bacteria_Proteobacteria
315750	2.5501415167622943	Bacteria	Bacteria_Terrabacteria group
411684	2.655327743983808	Bacteria	Bacteria_Proteobacteria
1009370	2.560261552840327	Bacteria	Bacteria_Terrabacteria group
232721	3.0142969315298171	Bacteria	Bacteria_Proteobacteria
56780	2.272223794920674	Bacteria	Bacteria_Proteobacteria
694429	0.9728663461882667	Archaea	Archaea_TACK group
394221	2.757480119402066	Bacteria	Bacteria_Proteobacteria
198094	2.4996899168325912	Bacteria	Bacteria_Terrabacteria group
869209	2.6579730376262161	Bacteria	Bacteria_Spirochaetes
573569	2.7955472119082425	Bacteria	Bacteria_Proteobacteria
411464	2.3442894542180039	Bacteria	Bacteria_Proteobacteria
573413	2.5885869924123655	Bacteria	Bacteria_Spirochaetes
64471	2.5730271604900015	Bacteria	Bacteria_Terrabacteria group
497965	2.5859386599334342	Bacteria	Bacteria_Terrabacteria group
96561	2.3642754196910105	Bacteria	Bacteria_Proteobacteria
504474	2.6802626868942014	Bacteria	Bacteria_Terrabacteria group
339671	3.1263315879167877	Bacteria	Bacteria_Proteobacteria
314231	2.7494982965863612	Bacteria	Bacteria_Proteobacteria
765177	0.98641106470234829	Archaea	Archaea_TACK group
456481	2.6900962708431733	Bacteria	Bacteria_Spirochaetes
553184	2.532873916553195	Bacteria	Bacteria_Terrabacteria group
634499	2.9614613596131605	Bacteria	Bacteria_Proteobacteria
395963	2.7036629362041955	Bacteria	Bacteria_Proteobacteria
453591	0.9709299898484332	Archaea	Archaea_TACK group
372461	3.0799706476933606	Bacteria	Bacteria_Proteobacteria
391295	3.3479773993655391	Bacteria	Bacteria_Terrabacteria group
87626	2.7760799623201993	Bacteria	Bacteria_Proteobacteria
314292	2.7674406823096707	Bacteria	Bacteria_Proteobacteria
411903	2.7695075970211147	Bacteria	Bacteria_Terrabacteria group
381764	2.4384989209928962	Bacteria	Bacteria_Thermotogae
377431	2.5672217985106283	Bacteria	Bacteria_FCB group
458817	2.7953533820928067	Bacteria	Bacteria_Proteobacteria
382638	2.7419214784163066	Bacteria	Bacteria_Proteobacteria
910313	3.3479773993655391	Bacteria	Bacteria_Terrabacteria group
525268	2.6802626868942014	Bacteria	Bacteria_Terrabacteria group
795359	2.0614934926016963	Bacteria	Bacteria_Thermodesulfobacteria
653045	2.5394725827671443	Bacteria	Bacteria_Terrabacteria group
525365	2.8375340602509489	Bacteria	Bacteria_Terrabacteria group
573064	0.56414341224288045	Archaea	Archaea_Euryarchaeota
445971	2.4938752954848313	Bacteria	Bacteria_Terrabacteria group
865938	3.0847044994426214	Bacteria	Bacteria_FCB group
555088	2.3683581086488523	Bacteria	Bacteria_Terrabacteria group
178306	0.9983751199615053	Archaea	Archaea_TACK group
6239	3.7328617280871486	Eukaryota	Eukaryota_Opisthokonta
575586	2.6712956144120477	Bacteria	Bacteria_Proteobacteria
694569	3.2035087539507767	Bacteria	Bacteria_Proteobacteria
472759	2.3811044235701404	Bacteria	Bacteria_Proteobacteria
525318	2.8375340602509489	Bacteria	Bacteria_Terrabacteria group
138119	2.461033826454168	Bacteria	Bacteria_Terrabacteria group
431947	3.3661757071270202	Bacteria	Bacteria_FCB group
314276	2.7463494929080778	Bacteria	Bacteria_Proteobacteria
648996	1.8953040403404138	Bacteria	Bacteria_Aquificae
345219	2.5501415167622943	Bacteria	Bacteria_Terrabacteria group
374847	1.0103491278641272	Archaea	Archaea_TACK group
566461	2.5394725827671443	Bacteria	Bacteria_Terrabacteria group
267748	3.4039093376212821	Bacteria	Bacteria_Terrabacteria group
880070	2.9983266874314207	Bacteria	Bacteria_FCB group
575788	2.8181136485558529	Bacteria	Bacteria_Proteobacteria
243090	2.7818255114978534	Bacteria	Bacteria_PVC group
1002672	2.9515752950470966	Bacteria	Bacteria_Proteobacteria
642492	2.7758464599286414	Bacteria	Bacteria_Terrabacteria group
391008	2.7941314010033116	Bacteria	Bacteria_Proteobacteria
257314	2.8375340602509489	Bacteria	Bacteria_Terrabacteria group
207949	2.621732645059711	Bacteria	Bacteria_Proteobacteria
904293	3.3479773993655391	Bacteria	Bacteria_Terrabacteria group
546266	2.8806629147190193	Bacteria	Bacteria_Proteobacteria
530564	2.6902695006593316	Bacteria	Bacteria_PVC group
717774	2.6413617093730424	Bacteria	Bacteria_Proteobacteria
888059	3.2451355735793612	Bacteria	Bacteria_FCB group
983544	3.0846743875403577	Bacteria	Bacteria_FCB group
266940	2.507241750498226	Bacteria	Bacteria_Terrabacteria group
667015	3.2849170077887395	Bacteria	Bacteria_FCB group
547043	2.9311174580963466	Bacteria	Bacteria_Terrabacteria group
745277	2.800168303746541	Bacteria	Bacteria_Proteobacteria
545694	2.6579730376262161	Bacteria	Bacteria_Spirochaetes
889201	3.3479773993655391	Bacteria	Bacteria_Terrabacteria group
888833	3.3479773993655391	Bacteria	Bacteria_Terrabacteria group
443254	2.432890184451815	Bacteria	Bacteria_Thermotogae
509191	2.4633403978132624	Bacteria	Bacteria_Terrabacteria group
398578	3.057301543028863	Bacteria	Bacteria_Proteobacteria
306902	3.801192500683012	Eukaryota	Eukaryota_Opisthokonta
321332	2.5730271604900015	Bacteria	Bacteria_Terrabacteria group
649638	2.2442880956320663	Bacteria	Bacteria_Terrabacteria group
626369	2.6835104163129047	Bacteria	Bacteria_Terrabacteria group
929506	2.7030286210561196	Bacteria	Bacteria_Terrabacteria group
714943	2.948800482465416	Bacteria	Bacteria_FCB group
709032	2.7189638471932183	Bacteria	Bacteria_Proteobacteria
996637	2.5394725827671443	Bacteria	Bacteria_Terrabacteria group
911104	2.7260986656049404	Bacteria	Bacteria_Terrabacteria group
675815	2.8181136485558529	Bacteria	Bacteria_Proteobacteria
583345	2.9913691159595421	Bacteria	Bacteria_Proteobacteria
188937	0.97577381801354002	Archaea	Archaea_Euryarchaeota
395961	2.5859386599334342	Bacteria	Bacteria_Terrabacteria group
763034	3.2849170077887395	Bacteria	Bacteria_FCB group
643562	2.3442894542180039	Bacteria	Bacteria_Proteobacteria
351605	2.2690992241956502	Bacteria	Bacteria_Proteobacteria
235279	2.7419214784163066	Bacteria	Bacteria_Proteobacteria
469008	2.999310692972156	Bacteria	Bacteria_Proteobacteria
371731	2.8402548719569181	Bacteria	Bacteria_Proteobacteria
298654	2.3993966893650178	Bacteria	Bacteria_Terrabacteria group
985867	2.754305262261726	Bacteria	Bacteria_Proteobacteria
360911	2.4876387214153053	Bacteria	Bacteria_Terrabacteria group
273057	1.0384549235797431	Archaea	Archaea_TACK group
998088	2.8172050340461348	Bacteria	Bacteria_Proteobacteria
261292	2.9175145864964187	Bacteria	Bacteria_Proteobacteria
1028803	3.1596471802107335	Bacteria	Bacteria_Proteobacteria
272635	3.4039093376212821	Bacteria	Bacteria_Terrabacteria group
324831	2.8375340602509489	Bacteria	Bacteria_Terrabacteria group
439235	2.401888711836795	Bacteria	Bacteria_Proteobacteria
647113	0.7189285859899968	Archaea	Archaea_Euryarchaeota
653733	2.4558843914118196	Bacteria	Bacteria_Chrysiogenetes
184922	3.925102480750321	Eukaryota	Eukaryota_Fornicata
679189	3.5762289822122586	Bacteria	Bacteria_FCB group
765123	2.6568008669838288	Bacteria	Bacteria_Terrabacteria group
644284	2.657019912437822	Bacteria	Bacteria_Terrabacteria group
662755	2.6802626868942014	Bacteria	Bacteria_Terrabacteria group
666510	0.987490991601633	Archaea	Archaea_TACK group
391625	2.531954566495403	Bacteria	Bacteria_Proteobacteria
589924	0.6876213634111272	Archaea	Archaea_Euryarchaeota
3694	4.076408094942517	Eukaryota	Eukaryota_Viridiplantae
985665	2.4735910280764637	Bacteria	Bacteria_Terrabacteria group
640512	2.8553174264606391	Bacteria	Bacteria_Proteobacteria
349161	2.4039009915686789	Bacteria	Bacteria_Terrabacteria group
469617	2.6534935180005084	Bacteria	Bacteria_Fusobacteria
764298	3.3479773993655391	Bacteria	Bacteria_Terrabacteria group
416269	3.1263315879167877	Bacteria	Bacteria_Proteobacteria
351160	0.84435931867076885	Archaea	Archaea_Euryarchaeota
443144	2.2690992241956502	Bacteria	Bacteria_Proteobacteria
205920	2.9743702871369373	Bacteria	Bacteria_Proteobacteria
402880	0.75502381345492675	Archaea	Archaea_Euryarchaeota
265311	3.236906266661735	Bacteria	Bacteria_Terrabacteria group
519441	2.683072119137952	Bacteria	Bacteria_Fusobacteria
114615	2.7507318071862237	Bacteria	Bacteria_Proteobacteria
388401	2.8402548719569181	Bacteria	Bacteria_Proteobacteria
879305	2.7223975219859877	Bacteria	Bacteria_Terrabacteria group
543526	0.9555929798035893	Archaea	Archaea_Euryarchaeota
926569	2.532415496784941	Bacteria	Bacteria_Terrabacteria group
398720	3.0867899473517983	Bacteria	Bacteria_FCB group
933801	1.034977429377611	Archaea	Archaea_TACK group
860228	3.2451355735793612	Bacteria	Bacteria_FCB group
89187	2.8444621683528166	Bacteria	Bacteria_Proteobacteria
629741	2.8600662421951752	Bacteria	Bacteria_Proteobacteria
543728	2.9670080232993734	Bacteria	Bacteria_Proteobacteria
485914	0.8477328131596742	Archaea	Archaea_Euryarchaeota
370438	2.3665742051992518	Bacteria	Bacteria_Terrabacteria group
146891	2.5710686885656466	Bacteria	Bacteria_Terrabacteria group
190304	2.6534935180005084	Bacteria	Bacteria_Fusobacteria
697281	2.5417947020563396	Bacteria	Bacteria_Terrabacteria group
477974	2.5509535486169437	Bacteria	Bacteria_Terrabacteria group
345073	2.8181136485558529	Bacteria	Bacteria_Proteobacteria
546275	2.6534935180005084	Bacteria	Bacteria_Fusobacteria
679926	0.8227185219354695	Archaea	Archaea_Euryarchaeota
392500	2.7953533820928067	Bacteria	Bacteria_Proteobacteria
326297	2.7953533820928067	Bacteria	Bacteria_Proteobacteria
106370	2.3993966893650178	Bacteria	Bacteria_Terrabacteria group
292805	2.9453278318992728	Bacteria	Bacteria_Proteobacteria
313590	3.1302212137760299	Bacteria	Bacteria_FCB group
1052684	2.4735910280764637	Bacteria	Bacteria_Terrabacteria group
272558	2.5501415167622943	Bacteria	Bacteria_Terrabacteria group
259564	0.9152830116951461	Archaea	Archaea_Euryarchaeota
888741	2.8600662421951752	Bacteria	Bacteria_Proteobacteria
469381	2.394084482545872	Bacteria	Bacteria_Synergistetes
281689	2.273086708017229	Bacteria	Bacteria_Proteobacteria
289397	3.4039093376212821	Bacteria	Bacteria_Terrabacteria group
388919	3.3479773993655391	Bacteria	Bacteria_Terrabacteria group
1036674	2.7463494929080778	Bacteria	Bacteria_Proteobacteria
197221	2.5237555036258863	Bacteria	Bacteria_Terrabacteria group
583356	0.9375212636995812	Archaea	Archaea_TACK group
387344	2.8375340602509489	Bacteria	Bacteria_Terrabacteria group
688246	3.5762289822122586	Bacteria	Bacteria_FCB group
889513	2.6802626868942014	Bacteria	Bacteria_Terrabacteria group
553171	3.5762289822122586	Bacteria	Bacteria_FCB group
233412	3.1596471802107335	Bacteria	Bacteria_Proteobacteria
439481	0.5645849147725507	Archaea	Archaea_Euryarchaeota
537972	2.7419214784163066	Bacteria	Bacteria_Proteobacteria
526218	2.7039033706792455	Bacteria	Bacteria_Fusobacteria
235909	2.4978585046501562	Bacteria	Bacteria_Terrabacteria group
59196	2.692415650332507	Bacteria	Bacteria_Proteobacteria
1004836	2.6375577632758693	Bacteria	Bacteria_Proteobacteria
357804	2.7337417908439114	Bacteria	Bacteria_Proteobacteria
10116	3.9900356983017358	Eukaryota	Eukaryota_Opisthokonta
531844	3.1302212137760299	Bacteria	Bacteria_FCB group
521095	2.4844351649102068	Bacteria	Bacteria_Terrabacteria group
383372	2.5930810644366784	Bacteria	Bacteria_Terrabacteria group
31964	2.6679641795916327	Bacteria	Bacteria_Terrabacteria group
639282	2.436539699606055	Bacteria	Bacteria_Deferribacteres
272626	2.547473484274119	Bacteria	Bacteria_Terrabacteria group
405566	2.8375340602509489	Bacteria	Bacteria_Terrabacteria group
391587	3.1402004047627656	Bacteria	Bacteria_FCB group
264732	2.346319946055896	Bacteria	Bacteria_Terrabacteria group
39947	3.6929200777712823	Eukaryota	Eukaryota_Viridiplantae
1033837	2.8375340602509489	Bacteria	Bacteria_Terrabacteria group
715451	2.7237893896392174	Bacteria	Bacteria_Proteobacteria
406817	2.986748754525208	Bacteria	Bacteria_Proteobacteria
875328	2.55105185495847	Bacteria	Bacteria_Terrabacteria group
471870	3.2849170077887395	Bacteria	Bacteria_FCB group
324925	2.5672217985106283	Bacteria	Bacteria_FCB group
658655	2.9080274577827905	Bacteria	Bacteria_Terrabacteria group
194439	2.5628769833464666	Bacteria	Bacteria_FCB group
7244	3.58610909461845	Eukaryota	Eukaryota_Opisthokonta
585524	2.8375340602509489	Bacteria	Bacteria_Terrabacteria group
5850	4.2586930130447884	Eukaryota	Eukaryota_Alveolata
164757	2.55105185495847	Bacteria	Bacteria_Terrabacteria group
214092	2.8347947160916505	Bacteria	Bacteria_Proteobacteria
679190	3.5762289822122586	Bacteria	Bacteria_FCB group
198628	2.9221774395409201	Bacteria	Bacteria_Proteobacteria
585529	2.6802626868942014	Bacteria	Bacteria_Terrabacteria group
1029718	2.729722472178262	Bacteria	Bacteria_Terrabacteria group
547558	0.9288339518040439	Archaea	Archaea_Euryarchaeota
220668	2.8375340602509489	Bacteria	Bacteria_Terrabacteria group
556268	2.8777716786072087	Bacteria	Bacteria_Proteobacteria
744980	2.8402548719569181	Bacteria	Bacteria_Proteobacteria
272621	2.837534060250949	Bacteria	Bacteria_Terrabacteria group
762982	3.3976999484189974	Bacteria	Bacteria_FCB group
749927	2.5641708041803506	Bacteria	Bacteria_Terrabacteria group
979556	2.5928568240013683	Bacteria	Bacteria_Terrabacteria group
284590	3.7621065161671825	Eukaryota	Eukaryota_Opisthokonta
859194	3.4039093376212821	Bacteria	Bacteria_Terrabacteria group
487796	3.1216419780547366	Bacteria	Bacteria_FCB group
1035188	3.1596471802107335	Bacteria	Bacteria_Proteobacteria
856793	2.880200189292257	Bacteria	Bacteria_Proteobacteria
269798	2.968816782999887	Bacteria	Bacteria_FCB group
1064539	2.5497768489638144	Bacteria	Bacteria_Proteobacteria
245014	2.6693029896121239	Bacteria	Bacteria_Terrabacteria group
264202	2.6040903536745308	Bacteria	Bacteria_PVC group
192952	0.97577381801354002	Archaea	Archaea_Euryarchaeota
353152	3.769137780250942	Eukaryota	Eukaryota_Alveolata
481743	2.4735910280764637	Bacteria	Bacteria_Terrabacteria group
555779	2.2748031811697875	Bacteria	Bacteria_Proteobacteria
633131	2.8402548719569181	Bacteria	Bacteria_Proteobacteria
357809	2.7556818681042365	Bacteria	Bacteria_Terrabacteria group
1085623	2.8030086685048503	Bacteria	Bacteria_Proteobacteria
637910	2.9780725922187625	Bacteria	Bacteria_Proteobacteria
747682	3.4039093376212821	Bacteria	Bacteria_Terrabacteria group
665959	2.5501415167622943	Bacteria	Bacteria_Terrabacteria group
760192	2.9868080955437204	Bacteria	Bacteria_FCB group
398511	2.5501415167622943	Bacteria	Bacteria_Terrabacteria group
69014	0.6382593064462464	Archaea	Archaea_Euryarchaeota
888746	3.3479773993655391	Bacteria	Bacteria_Terrabacteria group
525244	2.6712956144120477	Bacteria	Bacteria_Proteobacteria
37692	3.3046661844033953	Bacteria	Bacteria_Terrabacteria group
521098	2.4844837635736989	Bacteria	Bacteria_Terrabacteria group
515618	3.133133138047743	Bacteria	Bacteria_Proteobacteria
291272	3.035228815912951	Bacteria	Bacteria_Proteobacteria
264198	2.8579827843699586	Bacteria	Bacteria_Proteobacteria
379508	3.720457180416542	Eukaryota	Eukaryota_Opisthokonta
1036673	2.4735910280764637	Bacteria	Bacteria_Terrabacteria group
467200	2.5394725827671443	Bacteria	Bacteria_Terrabacteria group
658088	2.9080274577827905	Bacteria	Bacteria_Terrabacteria group
349519	2.8669323068840487	Bacteria	Bacteria_Terrabacteria group
323848	2.8483410873953527	Bacteria	Bacteria_Proteobacteria
1033802	2.4613185857503805	Bacteria	Bacteria_Proteobacteria
1005048	2.8773776032971883	Bacteria	Bacteria_Proteobacteria
203275	3.2459639332296266	Bacteria	Bacteria_FCB group
373153	3.3479773993655391	Bacteria	Bacteria_Terrabacteria group
362663	2.999310692972156	Bacteria	Bacteria_Proteobacteria
485913	2.4715862733767477	Bacteria	Bacteria_Terrabacteria group
1054460	3.3479773993655391	Bacteria	Bacteria_Terrabacteria group
258594	2.7597289064013157	Bacteria	Bacteria_Proteobacteria
246194	2.4884873436731745	Bacteria	Bacteria_Terrabacteria group
278197	2.7239383079279427	Bacteria	Bacteria_Terrabacteria group
1064592	3.7284005121080566	Eukaryota	Eukaryota_Opisthokonta
743718	2.5665861454608034	Bacteria	Bacteria_Terrabacteria group
419610	2.819830467081013	Bacteria	Bacteria_Proteobacteria
1003200	2.934204233920314	Bacteria	Bacteria_Proteobacteria
232348	2.5730271604900015	Bacteria	Bacteria_Terrabacteria group
7091	4.151204813410085	Eukaryota	Eukaryota_Opisthokonta
314262	2.8402548719569181	Bacteria	Bacteria_Proteobacteria
399795	3.085909715754632	Bacteria	Bacteria_Proteobacteria
580332	2.8529932863641587	Bacteria	Bacteria_Proteobacteria
410358	1.03509747352546	Archaea	Archaea_Euryarchaeota
283166	2.6951276462500076	Bacteria	Bacteria_Proteobacteria
349521	2.57729746784857	Bacteria	Bacteria_Proteobacteria
526227	2.3149318911373205	Bacteria	Bacteria_Terrabacteria group
469610	2.9269809585820914	Bacteria	Bacteria_Proteobacteria
208964	2.6102916532840523	Bacteria	Bacteria_Proteobacteria
436717	2.6712956144120477	Bacteria	Bacteria_Proteobacteria
443143	2.2690992241956502	Bacteria	Bacteria_Proteobacteria
335543	2.3711246270290185	Bacteria	Bacteria_Proteobacteria
523794	2.6766448491611778	Bacteria	Bacteria_Fusobacteria
498211	2.660117865669486	Bacteria	Bacteria_Proteobacteria
484022	2.7812503793865355	Bacteria	Bacteria_Proteobacteria
515620	3.073451351893917	Bacteria	Bacteria_Terrabacteria group
7227	2.945327831899273	Eukaryota	Eukaryota_Opisthokonta
331113	2.696335748362867	Bacteria	Bacteria_PVC group
585530	2.6267669833250546	Bacteria	Bacteria_Terrabacteria group
5833	4.258693013044788	Eukaryota	Eukaryota_Alveolata
160492	2.799849411103447	Bacteria	Bacteria_Proteobacteria
867900	3.0812987010250454	Bacteria	Bacteria_FCB group
757424	2.8460673124742413	Bacteria	Bacteria_Proteobacteria
637389	2.4085382591843452	Bacteria	Bacteria_Proteobacteria
944560	2.7049477905571098	Bacteria	Bacteria_Terrabacteria group
866775	2.7249858490097636	Bacteria	Bacteria_Terrabacteria group
298653	2.3993966893650178	Bacteria	Bacteria_Terrabacteria group
5059	3.738854968176291	Eukaryota	Eukaryota_Opisthokonta
572547	2.29725213836	Bacteria	Bacteria_Synergistetes
1129369	3.4039093376212821	Bacteria	Bacteria_Terrabacteria group
551115	2.7926503806578458	Bacteria	Bacteria_Terrabacteria group
1097668	2.8553174264606391	Bacteria	Bacteria_Proteobacteria
749414	2.5394725827671443	Bacteria	Bacteria_Terrabacteria group
347256	3.4039093376212821	Bacteria	Bacteria_Terrabacteria group
698964	2.6802626868942014	Bacteria	Bacteria_Terrabacteria group
706436	3.2451355735793612	Bacteria	Bacteria_FCB group
234831	2.7760799623201993	Bacteria	Bacteria_Proteobacteria
490899	0.98641106470234829	Archaea	Archaea_TACK group
1041504	2.729722472178262	Bacteria	Bacteria_Terrabacteria group
170187	3.3479773993655391	Bacteria	Bacteria_Terrabacteria group
360095	2.6951276462500076	Bacteria	Bacteria_Proteobacteria
416348	1.0781787110009946	Archaea	Archaea_Euryarchaeota
4538	3.6929200777712823	Eukaryota	Eukaryota_Viridiplantae
192222	2.6658738768423444	Bacteria	Bacteria_Proteobacteria
329726	2.6214569171750464	Bacteria	Bacteria_Terrabacteria group
177439	2.3763028169276175	Bacteria	Bacteria_Proteobacteria
204773	2.884434481399625	Bacteria	Bacteria_Proteobacteria
452652	2.5375965232358846	Bacteria	Bacteria_Terrabacteria group
701521	2.7239383079279427	Bacteria	Bacteria_Terrabacteria group
582899	2.6775859088803071	Bacteria	Bacteria_Proteobacteria
440497	2.8375340602509489	Bacteria	Bacteria_Terrabacteria group
591019	0.925544941434613	Archaea	Archaea_TACK group
7159	4.226743831357056	Eukaryota	Eukaryota_Opisthokonta
118168	2.6923459857076657	Bacteria	Bacteria_Terrabacteria group
886377	3.3015382794578385	Bacteria	Bacteria_FCB group
363253	2.4275012298206926	Bacteria	Bacteria_Proteobacteria
1116231	3.3479773993655391	Bacteria	Bacteria_Terrabacteria group
316407	2.999310692972156	Bacteria	Bacteria_Proteobacteria
212717	2.7030286210561196	Bacteria	Bacteria_Terrabacteria group
658172	2.7999018944224692	Bacteria	Bacteria_Proteobacteria
568816	2.5479945377694264	Bacteria	Bacteria_Terrabacteria group
333990	2.6218035480464099	Bacteria	Bacteria_Terrabacteria group
457396	2.7030286210561196	Bacteria	Bacteria_Terrabacteria group
7029	2.9419359046228015	Eukaryota	Eukaryota_Opisthokonta
873449	3.3479773993655391	Bacteria	Bacteria_Terrabacteria group
317655	2.751149530420837	Bacteria	Bacteria_Proteobacteria
8364	4.012386259512887	Eukaryota	Eukaryota_Opisthokonta
873533	3.5762289822122586	Bacteria	Bacteria_FCB group
243232	0.5641434122428804	Archaea	Archaea_Euryarchaeota
438753	2.6803411875321044	Bacteria	Bacteria_Proteobacteria
525257	3.1487500701426674	Bacteria	Bacteria_FCB group
471856	2.6090758861074876	Bacteria	Bacteria_Terrabacteria group
471821	2.4366729337154225	Bacteria	Bacteria_Elusimicrobia
572478	0.9036928309436414	Archaea	Archaea_TACK group
499229	2.4873915036719869	Bacteria	Bacteria_Terrabacteria group
340100	2.9301299839917387	Bacteria	Bacteria_Proteobacteria
5085	3.738854968176291	Eukaryota	Eukaryota_Opisthokonta
340177	2.5685744165262654	Bacteria	Bacteria_FCB group
579137	0.56414341224288045	Archaea	Archaea_Euryarchaeota
59689	3.6554556705642911	Eukaryota	Eukaryota_Viridiplantae
525898	2.6630475760031702	Bacteria	Bacteria_Proteobacteria
904294	3.3479773993655391	Bacteria	Bacteria_Terrabacteria group
585502	3.5762289822122586	Bacteria	Bacteria_FCB group
306254	2.6658738768423444	Bacteria	Bacteria_Proteobacteria
257313	2.9301299839917387	Bacteria	Bacteria_Proteobacteria
717773	2.6955222329662734	Bacteria	Bacteria_Proteobacteria
309803	2.2725124843348889	Bacteria	Bacteria_Thermotogae
349741	2.7674052414867765	Bacteria	Bacteria_PVC group
552531	2.9311174580963466	Bacteria	Bacteria_Terrabacteria group
333668	3.7568532614760555	Eukaryota	Eukaryota_Alveolata
632772	2.5622955662089253	Bacteria	Bacteria_Terrabacteria group
552811	2.409259402926883	Bacteria	Bacteria_Terrabacteria group
188626	2.5249329657233837	Bacteria	Bacteria_Terrabacteria group
263820	0.7596769455538519	Archaea	Archaea_Euryarchaeota
273068	2.5083071119260136	Bacteria	Bacteria_Terrabacteria group
545693	2.5501415167622943	Bacteria	Bacteria_Terrabacteria group
190650	2.8110674071627835	Bacteria	Bacteria_Proteobacteria
575611	3.5762289822122586	Bacteria	Bacteria_FCB group
486041	3.705232534689777	Eukaryota	Eukaryota_Opisthokonta
3847	3.6706351086165085	Eukaryota	Eukaryota_Viridiplantae
1074889	3.0874308988019541	Bacteria	Bacteria_FCB group
626418	2.8553174264606391	Bacteria	Bacteria_Proteobacteria
5061	3.738854968176291	Eukaryota	Eukaryota_Opisthokonta
702438	3.5762289822122586	Bacteria	Bacteria_FCB group
29760	3.870681379518964	Eukaryota	Eukaryota_Viridiplantae
634177	2.636746456000496	Bacteria	Bacteria_Proteobacteria
218491	2.8799048903509874	Bacteria	Bacteria_Proteobacteria
573063	0.56414341224288045	Archaea	Archaea_Euryarchaeota
288000	2.7507318071862237	Bacteria	Bacteria_Proteobacteria
441769	2.5501415167622943	Bacteria	Bacteria_Terrabacteria group
318167	2.7953533820928067	Bacteria	Bacteria_Proteobacteria
234267	2.387189722551107	Bacteria	Bacteria_Acidobacteria
910314	2.756573110731189	Bacteria	Bacteria_Terrabacteria group
655813	3.3479773993655391	Bacteria	Bacteria_Terrabacteria group
4950	3.723726585172145	Eukaryota	Eukaryota_Opisthokonta
756883	1.0766114715681114	Archaea	Archaea_unclassified Archaea
350688	2.548797663451653	Bacteria	Bacteria_Terrabacteria group
195103	2.7030286210561196	Bacteria	Bacteria_Terrabacteria group
4577	3.6994322497064602	Eukaryota	Eukaryota_Viridiplantae
314271	2.7698086830041637	Bacteria	Bacteria_Proteobacteria
167879	2.7135825298109495	Bacteria	Bacteria_Proteobacteria
326424	2.399396689365018	Bacteria	Bacteria_Terrabacteria group
937774	2.8858318586468643	Bacteria	Bacteria_Proteobacteria
575615	3.5762289822122586	Bacteria	Bacteria_FCB group
316278	2.5730271604900015	Bacteria	Bacteria_Terrabacteria group
273116	0.73534153850983008	Archaea	Archaea_Euryarchaeota
585506	2.7260986656049404	Bacteria	Bacteria_Terrabacteria group
335283	2.9175145864964187	Bacteria	Bacteria_Proteobacteria
573729	3.7426872373805042	Eukaryota	Eukaryota_Opisthokonta
457570	2.3981416749426487	Bacteria	Bacteria_Terrabacteria group
251221	2.4297879922039476	Bacteria	Bacteria_Terrabacteria group
313628	2.5841134423382486	Bacteria	Bacteria_PVC group
649349	3.106708907557842	Bacteria	Bacteria_FCB group
563038	3.3479773993655391	Bacteria	Bacteria_Terrabacteria group
314275	2.86381733386684	Bacteria	Bacteria_Proteobacteria
645465	2.5394725827671443	Bacteria	Bacteria_Terrabacteria group
7165	4.487797222396012	Eukaryota	Eukaryota_Opisthokonta
349106	2.7511592387414043	Bacteria	Bacteria_Proteobacteria
578458	3.71128984548199	Eukaryota	Eukaryota_Opisthokonta
511145	2.999310692972156	Bacteria	Bacteria_Proteobacteria
907931	2.8669323068840487	Bacteria	Bacteria_Terrabacteria group
243273	3.4039093376212821	Bacteria	Bacteria_Terrabacteria group
552398	2.4941477898991264	Bacteria	Bacteria_Terrabacteria group
348780	0.7782890919490066	Archaea	Archaea_Euryarchaeota
561231	2.8799048903509874	Bacteria	Bacteria_Proteobacteria
214684	3.7149985019457556	Eukaryota	Eukaryota_Opisthokonta
269800	2.5200972868550977	Bacteria	Bacteria_Terrabacteria group
159087	2.8538570395227065	Bacteria	Bacteria_Proteobacteria
395494	2.889454060097763	Bacteria	Bacteria_Proteobacteria
999541	2.8553174264606391	Bacteria	Bacteria_Proteobacteria
670487	2.1706128013924113	Bacteria	Bacteria_Terrabacteria group
525366	2.8375340602509489	Bacteria	Bacteria_Terrabacteria group
445972	2.5249551819849905	Bacteria	Bacteria_Terrabacteria group
218495	3.3479773993655391	Bacteria	Bacteria_Terrabacteria group
269084	2.5730271604900015	Bacteria	Bacteria_Terrabacteria group
911045	2.8402548719569181	Bacteria	Bacteria_Proteobacteria
708616	3.4039093376212821	Bacteria	Bacteria_Terrabacteria group
360105	2.6658738768423444	Bacteria	Bacteria_Proteobacteria
604354	0.6382593064462464	Archaea	Archaea_Euryarchaeota
321955	2.6267669833250546	Bacteria	Bacteria_Terrabacteria group
262719	3.4039093376212821	Bacteria	Bacteria_Terrabacteria group
667129	2.9979017125187162	Bacteria	Bacteria_Proteobacteria
456320	0.75502381345492675	Archaea	Archaea_Euryarchaeota
380703	2.8172050340461348	Bacteria	Bacteria_Proteobacteria
5057	3.738854968176291	Eukaryota	Eukaryota_Opisthokonta
593117	0.6382593064462464	Archaea	Archaea_Euryarchaeota
402612	3.0573581717415683	Bacteria	Bacteria_FCB group
227941	2.6040903536745308	Bacteria	Bacteria_PVC group
443218	2.55105185495847	Bacteria	Bacteria_Terrabacteria group
680198	2.5394725827671443	Bacteria	Bacteria_Terrabacteria group
866771	3.5762289822122586	Bacteria	Bacteria_FCB group
883	2.3442894542180039	Bacteria	Bacteria_Proteobacteria
743299	2.408538259184345	Bacteria	Bacteria_Proteobacteria
585543	3.2849170077887395	Bacteria	Bacteria_FCB group
399550	0.92554494143461297	Archaea	Archaea_TACK group
177437	2.5378684413118453	Bacteria	Bacteria_Proteobacteria
634498	0.92631124635821827	Archaea	Archaea_Euryarchaeota
35128	3.7333586424120533	Eukaryota	Eukaryota_Stramenopiles
45351	3.7119588513853596	Eukaryota	Eukaryota_Opisthokonta
431895	3.6708735997320665	Eukaryota	Eukaryota_Opisthokonta
196164	2.6802626868942014	Bacteria	Bacteria_Terrabacteria group
436308	1.3047314664652909	Archaea	Archaea_TACK group
443906	2.6679641795916327	Bacteria	Bacteria_Terrabacteria group
314230	2.6880005861058454	Bacteria	Bacteria_PVC group
665029	2.9614613596131605	Bacteria	Bacteria_Proteobacteria
592031	2.6808174537584648	Bacteria	Bacteria_Terrabacteria group
483219	2.4134135371598493	Bacteria	Bacteria_Proteobacteria
992406	3.187177214400753	Bacteria	Bacteria_FCB group
457398	2.3442894542180039	Bacteria	Bacteria_Proteobacteria
591167	2.5394725827671443	Bacteria	Bacteria_Terrabacteria group
859654	3.035228815912951	Bacteria	Bacteria_Proteobacteria
511437	2.8375340602509489	Bacteria	Bacteria_Terrabacteria group
400668	2.6413617093730424	Bacteria	Bacteria_Proteobacteria
2850	3.7293719473697426	Eukaryota	Eukaryota_Stramenopiles
497964	2.5840502770023788	Bacteria	Bacteria_PVC group
7460	4.0494627398579395	Eukaryota	Eukaryota_Opisthokonta
306901	3.7474089460987288	Eukaryota	Eukaryota_Opisthokonta
712898	2.9546701955764072	Bacteria	Bacteria_Proteobacteria
546414	2.2179739016894207	Bacteria	Bacteria_Terrabacteria group
203124	2.7098376229602663	Bacteria	Bacteria_Terrabacteria group
693746	2.6065085214461607	Bacteria	Bacteria_Terrabacteria group
716541	2.9968818657888487	Bacteria	Bacteria_Proteobacteria
862515	3.5762289822122586	Bacteria	Bacteria_FCB group
430066	2.6805609282570084	Bacteria	Bacteria_Proteobacteria
595537	2.9670080232993734	Bacteria	Bacteria_Proteobacteria
444157	0.9952025517243543	Archaea	Archaea_TACK group
330214	2.294554725601067	Bacteria	Bacteria_Nitrospirae
701347	2.9968818657888487	Bacteria	Bacteria_Proteobacteria
273075	0.7353415385098301	Archaea	Archaea_Euryarchaeota
697282	2.52917425236904	Bacteria	Bacteria_Proteobacteria
562983	2.8817335373086781	Bacteria	Bacteria_Terrabacteria group
981383	2.5154743447622487	Bacteria	Bacteria_Terrabacteria group
387092	2.387340609336102	Bacteria	Bacteria_Proteobacteria
5911	4.074696632235232	Eukaryota	Eukaryota_Alveolata
521674	2.676838567725217	Bacteria	Bacteria_PVC group
931626	2.5426073929367723	Bacteria	Bacteria_Terrabacteria group
888049	3.3479773993655391	Bacteria	Bacteria_Terrabacteria group
485917	2.911924745270841	Bacteria	Bacteria_FCB group
575606	2.8375340602509489	Bacteria	Bacteria_Terrabacteria group
290315	2.5672217985106283	Bacteria	Bacteria_FCB group
40559	3.6797319815029854	Eukaryota	Eukaryota_Opisthokonta
523850	0.6382593064462464	Archaea	Archaea_Euryarchaeota
1033806	0.86307679722146458	Archaea	Archaea_Euryarchaeota
246969	0.6382593064462464	Archaea	Archaea_Euryarchaeota
319225	2.5658691804949907	Bacteria	Bacteria_FCB group
314282	2.7337417908439114	Bacteria	Bacteria_Proteobacteria
795797	0.89841077071684	Archaea	Archaea_Euryarchaeota
519442	0.8630767972214646	Archaea	Archaea_Euryarchaeota
272563	2.6903739148604755	Bacteria	Bacteria_Terrabacteria group
383407	2.7500264073889658	Bacteria	Bacteria_Proteobacteria
331678	2.5672217985106283	Bacteria	Bacteria_FCB group
272843	3.1459997412949874	Bacteria	Bacteria_Proteobacteria
640511	2.8553174264606391	Bacteria	Bacteria_Proteobacteria
333146	0.8392377850971049	Archaea	Archaea_Euryarchaeota
272569	0.9571184922698712	Archaea	Archaea_Euryarchaeota
52598	2.8380707178612967	Bacteria	Bacteria_Proteobacteria
85962	2.7419214784163066	Bacteria	Bacteria_Proteobacteria
582402	2.828479045503301	Bacteria	Bacteria_Proteobacteria
7176	4.4037000267345263	Eukaryota	Eukaryota_Opisthokonta
880724	0.5952387588940056	Archaea	Archaea_Euryarchaeota
266779	2.668125348294467	Bacteria	Bacteria_Proteobacteria
756067	2.6893609623311421	Bacteria	Bacteria_Terrabacteria group
582744	2.9136573092294511	Bacteria	Bacteria_Proteobacteria
331104	3.0874308988019541	Bacteria	Bacteria_FCB group
742821	2.9171137480433686	Bacteria	Bacteria_Proteobacteria
584708	2.3359626220811465	Bacteria	Bacteria_Synergistetes
936140	2.8375340602509489	Bacteria	Bacteria_Terrabacteria group
1075399	3.0874308988019541	Bacteria	Bacteria_FCB group
32051	2.5730271604900015	Bacteria	Bacteria_Terrabacteria group
221109	2.5529235194196036	Bacteria	Bacteria_Terrabacteria group
269796	2.800263409944094	Bacteria	Bacteria_Proteobacteria
435590	3.2849170077887395	Bacteria	Bacteria_FCB group
313603	3.1302212137760299	Bacteria	Bacteria_FCB group
1005090	3.0799706476933606	Bacteria	Bacteria_Proteobacteria
457421	2.95230266357875	Bacteria	Bacteria_Terrabacteria group
264731	3.5762289822122586	Bacteria	Bacteria_FCB group
561180	2.9311174580963466	Bacteria	Bacteria_Terrabacteria group
331869	2.6867322507430424	Bacteria	Bacteria_Proteobacteria
368408	0.9021588987755693	Archaea	Archaea_TACK group
633148	0.9821301844638936	Archaea	Archaea_TACK group
930171	2.5626139628235403	Bacteria	Bacteria_Terrabacteria group
399549	1.1318444534772816	Archaea	Archaea_TACK group
234826	2.9557796680053756	Bacteria	Bacteria_Proteobacteria
997346	2.4900612343624267	Bacteria	Bacteria_Terrabacteria group
304371	0.84435931867076885	Archaea	Archaea_Euryarchaeota
575540	2.8093444883377243	Bacteria	Bacteria_PVC group
316057	2.7597289064013157	Bacteria	Bacteria_Proteobacteria
589865	2.3180920403545158	Bacteria	Bacteria_Proteobacteria
4558	3.6739345823314395	Eukaryota	Eukaryota_Viridiplantae
4896	3.6789932918173744	Eukaryota	Eukaryota_Opisthokonta
338966	2.2489723204097092	Bacteria	Bacteria_Proteobacteria
324602	2.6651888384757734	Bacteria	Bacteria_Terrabacteria group
537971	2.7419214784163066	Bacteria	Bacteria_Proteobacteria
592028	2.756573110731189	Bacteria	Bacteria_Terrabacteria group
204669	2.356662337811751	Bacteria	Bacteria_Acidobacteria
36870	3.0513185022804352	Bacteria	Bacteria_Proteobacteria
429009	2.5498387730114236	Bacteria	Bacteria_Terrabacteria group
573826	3.7185656303690866	Eukaryota	Eukaryota_Opisthokonta
93059	2.5710686885656466	Bacteria	Bacteria_Terrabacteria group
314254	2.8009199498208099	Bacteria	Bacteria_Proteobacteria
71421	3.1596471802107335	Bacteria	Bacteria_Proteobacteria
688245	3.085909715754632	Bacteria	Bacteria_Proteobacteria
583355	2.6568287633481478	Bacteria	Bacteria_PVC group
1028307	2.8983940444187346	Bacteria	Bacteria_Proteobacteria
105559	2.3811044235701404	Bacteria	Bacteria_Proteobacteria
452638	2.9409500981362546	Bacteria	Bacteria_Proteobacteria
4081	3.7065071091001491	Eukaryota	Eukaryota_Viridiplantae
166314	2.5730271604900015	Bacteria	Bacteria_Terrabacteria group
1002804	2.7419214784163066	Bacteria	Bacteria_Proteobacteria
469382	0.9557782542145923	Archaea	Archaea_Euryarchaeota
553178	3.2451355735793612	Bacteria	Bacteria_FCB group
658086	2.9080274577827905	Bacteria	Bacteria_Terrabacteria group
572263	3.4039093376212821	Bacteria	Bacteria_Terrabacteria group
888742	2.8806629147190193	Bacteria	Bacteria_Proteobacteria
74546	2.5710686885656466	Bacteria	Bacteria_Terrabacteria group
287752	2.677283953486836	Bacteria	Bacteria_Proteobacteria
425265	3.7304200214693806	Eukaryota	Eukaryota_Opisthokonta
537011	3.5762289822122586	Bacteria	Bacteria_FCB group
908337	2.7882391574352696	Bacteria	Bacteria_Terrabacteria group
908340	2.7030286210561196	Bacteria	Bacteria_Terrabacteria group
759362	2.8827947451878564	Bacteria	Bacteria_Proteobacteria
701176	2.8181136485558529	Bacteria	Bacteria_Proteobacteria
517418	2.544206876943278	Bacteria	Bacteria_FCB group
698757	0.9983751199615053	Archaea	Archaea_TACK group
1007104	2.8049562118372324	Bacteria	Bacteria_Proteobacteria
216432	3.1377399070050616	Bacteria	Bacteria_FCB group
465817	2.9614613596131605	Bacteria	Bacteria_Proteobacteria
553175	3.3661757071270202	Bacteria	Bacteria_FCB group
484019	2.3031087572275766	Bacteria	Bacteria_Thermotogae
362976	1.0102815188002292	Archaea	Archaea_Euryarchaeota
879243	3.3661757071270202	Bacteria	Bacteria_FCB group
762376	2.934204233920314	Bacteria	Bacteria_Proteobacteria
244592	2.67924540668479	Bacteria	Bacteria_Proteobacteria
260799	2.4996899168325912	Bacteria	Bacteria_Terrabacteria group
470145	3.2849170077887395	Bacteria	Bacteria_FCB group
391613	2.8444621683528166	Bacteria	Bacteria_Proteobacteria
478801	2.5711476796216055	Bacteria	Bacteria_Terrabacteria group
378753	2.5662765148329516	Bacteria	Bacteria_Terrabacteria group
208596	2.6218035480464099	Bacteria	Bacteria_Terrabacteria group
313594	3.147468056543008	Bacteria	Bacteria_FCB group
720554	2.461785978512016	Bacteria	Bacteria_Terrabacteria group
353151	3.7691377802509418	Eukaryota	Eukaryota_Alveolata
264201	2.64947464089981	Bacteria	Bacteria_PVC group
110662	2.5730271604900015	Bacteria	Bacteria_Terrabacteria group
641491	2.3442894542180039	Bacteria	Bacteria_Proteobacteria
1111676	3.4039093376212821	Bacteria	Bacteria_Terrabacteria group
690850	2.3442894542180039	Bacteria	Bacteria_Proteobacteria
556261	2.7030286210561196	Bacteria	Bacteria_Terrabacteria group
284593	3.7450382985118265	Eukaryota	Eukaryota_Opisthokonta
391589	2.8402548719569181	Bacteria	Bacteria_Proteobacteria
43989	2.5859386599334342	Bacteria	Bacteria_Terrabacteria group
292414	2.8402548719569181	Bacteria	Bacteria_Proteobacteria
354242	2.6658738768423444	Bacteria	Bacteria_Proteobacteria
88036	3.6551543833759417	Eukaryota	Eukaryota_Viridiplantae
456442	0.8460934403680489	Archaea	Archaea_Euryarchaeota
375286	2.89009598844542	Bacteria	Bacteria_Proteobacteria
502025	2.434310787330541	Bacteria	Bacteria_Proteobacteria
420247	0.9263112463582183	Archaea	Archaea_Euryarchaeota
272844	0.65691466686167554	Archaea	Archaea_Euryarchaeota
638301	2.6835104163129047	Bacteria	Bacteria_Terrabacteria group
1140	2.5730271604900015	Bacteria	Bacteria_Terrabacteria group
634994	2.6766448491611778	Bacteria	Bacteria_Fusobacteria
526224	2.7094037798262596	Bacteria	Bacteria_Spirochaetes
469613	2.9627605996186155	Bacteria	Bacteria_Proteobacteria
643867	2.848294776726111	Bacteria	Bacteria_FCB group
283165	2.6951276462500076	Bacteria	Bacteria_Proteobacteria
891974	2.9627605996186155	Bacteria	Bacteria_Proteobacteria
688270	3.0812987010250454	Bacteria	Bacteria_FCB group
224325	0.690039940745407	Archaea	Archaea_Euryarchaeota
1005705	3.3479773993655391	Bacteria	Bacteria_Terrabacteria group
290318	2.5672217985106283	Bacteria	Bacteria_FCB group
243164	2.4174454757750294	Bacteria	Bacteria_Terrabacteria group
316385	2.999310692972156	Bacteria	Bacteria_Proteobacteria
903814	2.5103875595878855	Bacteria	Bacteria_Terrabacteria group
4787	3.7187802762894817	Eukaryota	Eukaryota_Stramenopiles
5811	3.723431192342013	Eukaryota	Eukaryota_Alveolata
700015	2.709426171316839	Bacteria	Bacteria_Terrabacteria group
391165	2.5975106453871097	Bacteria	Bacteria_Proteobacteria
652103	2.7597289064013157	Bacteria	Bacteria_Proteobacteria
246197	2.4134135371598493	Bacteria	Bacteria_Proteobacteria
596151	2.3442894542180039	Bacteria	Bacteria_Proteobacteria
207954	2.6209470465587845	Bacteria	Bacteria_Proteobacteria
479435	2.448473906160706	Bacteria	Bacteria_Terrabacteria group
312153	2.9409500981362546	Bacteria	Bacteria_Proteobacteria
365044	3.0273620343547565	Bacteria	Bacteria_Proteobacteria
666684	2.743404587050871	Bacteria	Bacteria_Proteobacteria
573370	2.3442894542180039	Bacteria	Bacteria_Proteobacteria
574087	2.4491859170682173	Bacteria	Bacteria_Terrabacteria group
70448	3.6463542514430785	Eukaryota	Eukaryota_Viridiplantae
548476	2.6802626868942014	Bacteria	Bacteria_Terrabacteria group
391600	2.8286077994131853	Bacteria	Bacteria_Proteobacteria
243231	2.2690992241956502	Bacteria	Bacteria_Proteobacteria
395965	2.703400251330388	Bacteria	Bacteria_Proteobacteria
521011	0.7965511025167515	Archaea	Archaea_Euryarchaeota
525254	2.7223975219859877	Bacteria	Bacteria_Terrabacteria group
491952	2.6413617093730424	Bacteria	Bacteria_Proteobacteria
5664	4.4323632001289255	Eukaryota	Eukaryota_Euglenozoa
3218	3.5594294781815266	Eukaryota	Eukaryota_Viridiplantae
500637	2.9237314215010883	Bacteria	Bacteria_Proteobacteria
228908	1.025077548022235	Archaea	Archaea_DPANN group
504472	3.2928644718432962	Bacteria	Bacteria_FCB group
941770	2.8375340602509489	Bacteria	Bacteria_Terrabacteria group
536227	2.7030286210561196	Bacteria	Bacteria_Terrabacteria group
469378	2.6046922428231096	Bacteria	Bacteria_Terrabacteria group
577650	2.335664315371243	Bacteria	Bacteria_Proteobacteria
742766	3.264227798335673	Bacteria	Bacteria_FCB group
290400	2.8489912323437254	Bacteria	Bacteria_Proteobacteria
33169	3.754429725578031	Eukaryota	Eukaryota_Opisthokonta
216895	2.8181136485558529	Bacteria	Bacteria_Proteobacteria
203123	3.0013040190390967	Bacteria	Bacteria_Terrabacteria group
137722	2.5497768489638144	Bacteria	Bacteria_Proteobacteria
533247	2.8473773804534184	Bacteria	Bacteria_Terrabacteria group
36630	3.7359664072702463	Eukaryota	Eukaryota_Opisthokonta
187420	0.76720888532584	Archaea	Archaea_Euryarchaeota
908937	3.57606411895675	Bacteria	Bacteria_FCB group
997352	3.5762289822122586	Bacteria	Bacteria_FCB group
404380	2.2690992241956502	Bacteria	Bacteria_Proteobacteria
706191	2.954670195576407	Bacteria	Bacteria_Proteobacteria
9606	3.996755482711252	Eukaryota	Eukaryota_Opisthokonta
768706	2.4166089910655026	Bacteria	Bacteria_Terrabacteria group
679897	2.7419214784163066	Bacteria	Bacteria_Proteobacteria
572544	2.5587421586777888	Bacteria	Bacteria_Fusobacteria
391574	2.8302029797034929	Bacteria	Bacteria_Proteobacteria
163164	2.9453278318992728	Bacteria	Bacteria_Proteobacteria
290339	2.986323506455029	Bacteria	Bacteria_Proteobacteria
7719	3.9399306344052123	Eukaryota	Eukaryota_Opisthokonta
553218	2.6658738768423444	Bacteria	Bacteria_Proteobacteria
196627	2.6802626868942014	Bacteria	Bacteria_Terrabacteria group
1112204	2.5881254432186562	Bacteria	Bacteria_Terrabacteria group
593907	2.5701432033533895	Bacteria	Bacteria_Terrabacteria group
717959	3.078998526006052	Bacteria	Bacteria_FCB group
1111069	2.2179739016894207	Bacteria	Bacteria_Terrabacteria group
326427	2.6651888384757734	Bacteria	Bacteria_Terrabacteria group
1045854	2.7260986656049404	Bacteria	Bacteria_Terrabacteria group
591158	2.5394725827671443	Bacteria	Bacteria_Terrabacteria group
386043	2.5474734842741191	Bacteria	Bacteria_Terrabacteria group
431943	2.7030286210561196	Bacteria	Bacteria_Terrabacteria group
64091	0.86821077748401188	Archaea	Archaea_Euryarchaeota
426368	0.75502381345492675	Archaea	Archaea_Euryarchaeota
243274	2.2680168912493137	Bacteria	Bacteria_Thermotogae
259536	2.7511592387414043	Bacteria	Bacteria_Proteobacteria
578455	3.748948966130358	Eukaryota	Eukaryota_Opisthokonta
319795	2.291440806603037	Bacteria	Bacteria_Terrabacteria group
525282	2.6340640317291126	Bacteria	Bacteria_Terrabacteria group
445975	2.7695075970211147	Bacteria	Bacteria_Terrabacteria group
575588	2.6712956144120477	Bacteria	Bacteria_Proteobacteria
1034808	3.4039093376212821	Bacteria	Bacteria_Terrabacteria group
391735	3.089284510671564	Bacteria	Bacteria_Proteobacteria
657309	3.2849170077887395	Bacteria	Bacteria_FCB group
314278	2.458173861314082	Bacteria	Bacteria_Proteobacteria
228410	2.9175145864964187	Bacteria	Bacteria_Proteobacteria
742723	2.9080274577827905	Bacteria	Bacteria_Terrabacteria group
645512	2.442858954496994	Bacteria	Bacteria_Synergistetes
688269	2.277008077420464	Bacteria	Bacteria_Thermotogae
290398	2.697522631342892	Bacteria	Bacteria_Proteobacteria
1005058	3.242018654961689	Bacteria	Bacteria_Proteobacteria
696127	2.882335228695393	Bacteria	Bacteria_Proteobacteria
5062	3.738854968176291	Eukaryota	Eukaryota_Opisthokonta
265072	2.872727458077227	Bacteria	Bacteria_Proteobacteria
313625	2.5730271604900015	Bacteria	Bacteria_Terrabacteria group
546268	2.8806629147190193	Bacteria	Bacteria_Proteobacteria
553220	2.6658738768423444	Bacteria	Bacteria_Proteobacteria
568703	2.8375340602509489	Bacteria	Bacteria_Terrabacteria group
546262	2.8806629147190193	Bacteria	Bacteria_Proteobacteria
335284	2.7511592387414043	Bacteria	Bacteria_Proteobacteria
266834	2.6708794499375674	Bacteria	Bacteria_Proteobacteria
257310	2.9301299839917387	Bacteria	Bacteria_Proteobacteria
888057	3.2035087539507767	Bacteria	Bacteria_Proteobacteria
100226	2.5394725827671443	Bacteria	Bacteria_Terrabacteria group
522306	2.8555630999060932	Bacteria	Bacteria_Proteobacteria
